id;category;difficulty;model;time_sec;tokens;question;context_used;model_answer;ground_truth;source
101;Fact_Retrieval;Easy;llama3.1:8b;11.065;17;Wie groß ist das Spielfeld?;YES;Das Spielfeld ist 360 Fuß lang und 160 Fuß breit.;Das gesamte Feld ist 360 Fuß lang und 160 Fuß breit.;Rule 1, Section 1
102;Fact_Retrieval;Medium;llama3.1:8b;1.034;122;Was ist der Unterschied zwischen 'Field of Play' und dem gesamten Spielfeld?;YES;"Der ""Field of Play"" (Feld des Spiels) umfasst die Fläche, die durch die Goal Lines und die Sidelines begrenzt wird. Das gesamte Spielfeld hingegen umfasst den Field of Play sowie die Endzonen.

In anderen Worten: Der Field of Play ist der eigentliche Spielbereich, während das gesamte Spielfeld auch die Bereiche umfasst, die außerhalb des Spielbereichs liegen, wie z.B. die Endzonen und die Bereiche neben den Seitenlinien.";Das 'Field of Play' ist der Bereich zwischen den Goal Lines. Das gesamte Spielfeld beinhaltet zusätzlich die beiden Endzonen.;Rule 1, Section 1
103;Negative_Constraint;Easy;llama3.1:8b;18.719;57;Darf das Spielfeld blau sein?;YES;Nein, laut Regel 1, Abschnitt 1, Artikel 1 ist die Oberfläche des gesamten Spielbereichs eine League-genehmigte Schattierung von Grün. Es gibt keine Erlaubnis für ein blaues Spielfeld.;Nein. Die Oberfläche muss ein von der Liga genehmigter Grünton sein.;Rule 1, Section 1
104;Fact_Retrieval;Easy;llama3.1:8b;0.542;50;Dürfen die Mannschaftsbänke näher als 30 Fuß an der Seitenlinie stehen?;YES;Nein, nach Regel 1, Abschnitt 2, Artikel 2 ist es nicht erlaubt, dass sich Bänke oder starre Fixierungen näher als 30 Fuß von den Seitenlinien befinden.;Nein. Die Zonen für die Mannschaftsbänke müssen einen bestimmten Abstand zur Seitenlinie haben (mindestens 30 Fuß).;Rule 1, Section 2
105;Fact_Retrieval;Medium;llama3.1:8b;0.427;41;Wie hoch muss die Querstange des Torpfostens über dem Boden sein?;YES;Die Querstange (Crossbar) des Torpfostens muss 10 Fuß über dem Boden liegen. (ARTICLE 1. CROSSBAR, SECTION 3 GOAL);Die Oberkante der Querstange muss 10 Fuß über dem Boden sein.;Rule 1, Section 3
106;Fact_Retrieval;Easy;llama3.1:8b;6.617;50;Welche Farbe müssen die Torpfosten haben?;YES;Die Torpfosten müssen goldfarben sein und sind mit einem orangefarbenen Band versehen (4 x 42 Zoll). Außerdem müssen sie gepolstert sein, wie vom Ligaverband vorgeschrieben.;Die Torpfosten müssen in hellem Gold gestrichen sein.;Rule 1, Section 3
201;Fact_Retrieval;Easy;llama3.1:8b;0.9;105;Welcher Luftdruck ist für den Spielball vorgeschrieben?;YES;Laut dem Kontext muss der Ball zwischen 12½ und 13½ Pfund luftgefüllt sein. Der genaue Druck wird nicht explizit angegeben, aber es kann angenommen werden, dass ein Druck von etwa 0,7 bis 0,8 bar (10 bis 11 PSI) entspricht, da eine 12½-Pfund-Ball mit einem Volumen von etwa 1.000 Kubikzoll entsprechen würde.;Der Ball muss auf 12 ½ bis 13 ½ Pfund (psi) aufgepumpt sein.;Rule 2, Section 1
202;Fact_Retrieval;Medium;llama3.1:8b;5.793;40;Wie viele Bälle muss jedes Team vor dem Spiel für den Referee zum Testen bereitstellen?;YES;Jedes Team muss 12 Primär- und 12 Ersatzbälle sowie drei besondere gekennzeichnete Trittballen (Kicking Balls) zur Verfügung stellen.;Insgesamt 27 Bälle: 12 primäre Bälle, 12 Ersatzbälle (Backup) und 3 speziell markierte Kicking-Bälle.;Rule 2, Section 2
203;Complex_Reasoning;Hard;llama3.1:8b;0.659;80;Das Heimteam stellt die Bälle. Was passiert, wenn deren Bälle nicht den Regeln entsprechen oder ausgehen?;YES;Wenn das Heimteam keine Bälle stellt, die den Regeln entsprechen, oder ihre Vorräte auslaufen, soll der Schiedsrichter ein geeignetes Ball von dem gegnerischen Team beschaffen. Wenn auch dies nicht möglich ist, wird das beste verfügbare Ball verwendet. Diese Umstände müssen dem Commissioner gemeldet werden.;Der Referee muss sich einen korrekten Ball vom gegnerischen Team besorgen. Wenn das nicht geht, wird der beste verfügbare Ball verwendet.;Rule 2, Section 2
204;Ambiguity_Resolution;Medium;llama3.1:8b;0.592;66;Es regnet stark und der Ball ist nass. Darf die Offense den Ball tauschen?;YES;Ja, die Offense kann den Ball tauschen, wenn er nass ist und das Spielfeld regnerisch ist. Der Referee muss jedoch sicherstellen, dass der neue Ball den spezifischen Anforderungen entspricht (siehe RULE 2 THE BALL, SECTION 1 DIMENSIONS).;Ja, bei nassem oder schlammigem Wetter darf auf Anfrage des Centers ein spielbarer (trockener) Ball verwendet werden. Die Uhr wird dafür aber nicht angehalten.;Rule 2, Section 2
205;Fact_Retrieval;Hard;llama3.1:8b;0.223;14;Welche Farbe muss der Ball haben?;YES;Der Ball muss eine natürliche Tannfarbe haben.;Er muss eine natürliche Bräunung haben.;Rule 2, Section 1
301;Ambiguity_Resolution;Hard;llama3.1:8b;0.97;101;Ab wann gilt ein Ball als gefangen?;YES;"Ein Ball gilt als gefangen (catch), wenn ein Spieler inbounds die Kontrolle über den Ball mit seinen Händen oder Armen erlangt, bevor der Ball das Boden berührt. Es ist jedoch nicht erforderlich, dass der Spieler sofort eine Aktion ausführt; es genügt, wenn er die Kontrolle über den Ball lange genug behält, um eine solche Aktion durchzuführen (ARTICLE 7 PLAYER POSSESSION).";Ein Spieler muss den Ball mit den Händen oder Armen Kontrollieren und mit beiden Füßen den Boden Berühren. Wenn diese beiden Punkte erfüllt sind muss der Ball lange genug im Besitz bleiben um einen 'act common to the game' ausführen zu können, unabhängig davon ob die Aktion ausgeführt werden kann (z. B. den Ball wegstecken, ausweichen, den Ball vorstrecken), damit der Catch vollständig ist. ;Rule 3, Section 2, Article 7
302;Complex_Reasoning;Hard;llama3.1:8b;6.34;78;Der Ball wird bei einem Kickoff gekickt. Ein Spieler berührt den Ball in dem Versuch, ihn zu fangen. Gilt das als Fumble?;YES;Nein, das gilt nicht als Fumble. Laut Artikel 6 (MUFF) ist es ein Muff, wenn ein Spieler einen losen Ball berührt, um ihn zu fangen, und dabei keine Kontrolle über den Ball erhält. Ein Fumble liegt nur vor, wenn der Spieler bereits den Ball in seiner Hand hatte und diesen verliert.;Nein, das ist ein 'Muff'. Ein Fumble setzt voraus, dass der Spieler vorher im Ballbesitz war. Ein Muff ist das Berühren eines freien Balls, wodurch dieser weiter frei bleibt.;Rule 3, Section 2, Article 5 & 6
303;Fact_Retrieval;Medium;llama3.1:8b;0.777;92;Was ist der Unterschied zwischen einem 'Live Ball' und einem 'Loose Ball'?;YES;"Ein ""Live Ball"" (ARTICLE 3) ist ein Ball, der in Spiel ist. Ein ""Loose Ball"" (ARTICLE 4) ist ein Live Ball, der nicht von einem Spieler gehalten wird, sondern frei im Raum fliegt oder liegt.

Beide Bälle sind also live, aber ein Loose Ball hat keinen festen Besitzer, während ein Live Ball normalerweise in Spielbesitz eines Teams ist.";Ein 'Live Ball' ist jeder Ball, der aktiv im Spiel ist bzw gespielt wird. Ein 'Loose Ball' ist ein Live Ball, der sich nicht im Besitz eines Spielers befindet (z. B. ein Pass in der Luft, ein Fumble am Boden oder ein Kick).;Rule 3, Section 2, Article 3 & 4
304;Fact_Retrieval;Medium;llama3.1:8b;0.331;20;Ab wann wird ein Passing Play ein Running Play?;YES;Ein Passing Play wird ein Running Play, wenn der Pass gefangen wird (Article 2).;Ein Passing Play wird zu einem Running Play, sobald der Vorwärtspass erfolgreich gefangen wurde.;Rule 3, Section 24
305;Complex_Reasoning;Medium;llama3.1:8b;6.05;61;Zwei gegnerische Spieler springen hoch, fangen den Ball gleichzeitig und landen beide sicher im Feld. Wessen Ball ist es?;YES;Gemäß Artikel 7 des Kontextes gilt in diesem Fall als Simultaneous Possession (Gleichzeitige Besitznahme). Da die beiden Spieler den Ball gleichzeitig gefangen haben, wird der Ball dem Team zugeordnet, das ihn letztmals besaß.;Das nennt sich 'Simultaneous Possession'. Der Ball gehört dem Team, das zuletzt im Ballbesitz war (Offense), oder bei einem Kick dem empfangenden Team (Receiving Team).;Rule 3, Section 2, Article 7
306;Fact_Retrieval;Easy;llama3.1:8b;0.647;70;Was ist die 'Neutral Zone'?;YES;"Die ""Neutral Zone"" ist der Raum zwischen dem vorderen und hinteren Punkt des Balles (Flächen) und erstreckt sich bis zu den Seitenlinien. Sie beginnt, wenn der Ball bereit für das Spiel ist (siehe Neutral-Zone-Verstoß, 7-4-4).";Das ist der Raum zwischen der vorderen und hinteren Spitze des Balls, wenn er vor dem Snap auf dem Boden liegt. Sie erstreckt sich über die gesamte Breite des Feldes.;Rule 3, Section 18
308;Fact_Retrieval;Easy;llama3.1:8b;6.226;77;Was bedeutet 'Down'?;YES;Ein Down ist eine Periode der Aktion, die mit dem Spielbeginn (3-2-3) startet und endet, wenn das Ballspiel beendet wird (7-2-1). Es handelt sich um einen Zeitraum, in dem die Mannschaften versuchen, den Ball zu bewegen oder Punkte zu erzielen.;Ein 'Down' ist eine Zeiteinheit im Spiel, die mit dem Snap oder Kickoff beginnt und endet, wenn der Ball tot (Dead Ball) erklärt wird.;Rule 3, Section 8
401;Fact_Retrieval;Medium;llama3.1:8b;0.543;22;Wie viele Timeouts hat jedes Team im Spiel?;YES;Jedes Team ist mit 3 Charged Team Timeouts pro Halbzeit ausgestattet.;Jedes Team hat 3 Timeouts pro Halbzeit, also theoretisch 6 pro Spiel.;Rule 4, Section 5, Article 1
502;Fact_Retrieval;Medium;llama3.1:8b;12.284;84;Wie kann ein Spieler sich als fangberechtigt anmelden?;YES;Ein Spieler, der die Nummer eines fangberechtigten Spielers trägt (50-79 und 90-99), kann sich als fangberechtigt anmelden, indem er in der Position eines fangberechtigten Spielers auf dem Spielfeld positioniert. Er muss jedoch sofort den Referee informieren, der wiederum die Defensive-Team-Coach informiert.;Ein Spieler mit einer Nummer, die normalerweise nicht berechtigt ist (50-79), muss sich sofort beim Referee melden ('report as eligible'), bevor er sich als Receiver aufstellt. Der Referee informiert dann die Defense.;Rule 5, Section 3
601;Fact_Retrieval;Easy;llama3.1:8b;0.966;63;Wann darf ein Kicking Tee verwendet werden?;YES;Ein Kicking Tee kann während eines Free-Kicks verwendet werden, wenn er von der Mannschaft genehmigt wurde und die Voraussetzungen des Regelwerks erfüllt sind. Der Tee muss den Ball nicht mehr als 1 Zoll über dem Boden halten dürfen.;Ein Kicking Tee darf nur bei einem Free Kick verwendet werden. Der Free Kick umfasst Kickoffs, Safety Kicks und Onside Kicks.;Rule 6, Section 1
602;Complex_Reasoning;Medium;llama3.1:8b;11.996;104;Was passiert, wenn der Ball beim Kickoff vom Kicking Tee fällt?;YES;Wenn der Ball beim Kickoff vom Kicking-Tee fällt, wird das Spiel gestoppt und die Zeitmessung wird ohne Strafe für den Kicking-Team neu gestartet. Wenn der Ball jedoch ein zweites Mal vom Kicking-Tee fällt, muss der Kicking-Team den Ball mit einem festen Halterschlag (mit einem festen Halterschläger) oder einem Halterschläger auf dem Kicking-Tee abwerfen.;Das Spiel wird sofort unterbrochen, bevor ein Spielzug entstehen kann. Der Kickoff wird wiederholt. Falls der Ball ein zweites Mal während desselben Kickoff-Downs vom Tee fällt, muss der Kicker den Ball mit einem Holder kicken.;Rule 6, Section 1
603;Fact_Retrieval;Medium;llama3.1:8b;0.943;91;Was passiert, wenn der Ball beim Kickoff out of bounds landet?;YES;Wenn der Ball beim Kickoff aus dem Spielfeld fliegt (out of bounds), kann die Empfangsseite den Ball an der Linie, wo er aus dem Feld geflogen ist, wieder in das Spiel bringen. Die Kicksiegerteam hat jedoch die Wahl, den Ball 25 Yards vom Kickpunkt entfernt auf der Seite des Spielfeldes zu nehmen, wo der Ball aus dem Feld geflogen ist.;Das ist ein Foul. Wenn ein Kickoff oder Onside Kick versucht wurde darf die Offense wählen ob: der Ball am Spot des Fouls, oder 25 Yards vor dem Kick-Punkt. Wenn ein Saftey Kick versucht wurde sind es 30 Yards.;Rule 6, Section 2
604;Complex_Reasoning;Hard;llama3.1:8b;1.08;61;Was passiert, wenn das Receiving Team den Ball beim Onside Kick innerhalb der ersten 10 Yards berührt?;YES;"Wenn das Receiving Team den Ball beim Onside Kick innerhalb der ersten 10 Yards berührt, wird der Ball als ""dead"" erklärt und gehört dem Kicking Team. Der Ball kann nicht mehr weitergegeben werden und die Spielzählung bleibt unverändert.";Das ist legal. Die 10-Yard-Sperre gilt nur für das Kicking Team. Sobald das Receiving Team den Ball berührt, ist er frei für alle.;Rule 6, Section 1, Article 4 and Section 2, Article 5
605;Negative_Constraint;Medium;llama3.1:8b;1.374;81;Dürfen 2 Spieler des Receiving Teams einen gegnerischen Spieler beim Kickoff gemeinsam blocken?;YES;Nein, das ist nicht erlaubt. Laut Artikel 3 (c) (1) muss mindestens ein Spieler des Receiving Teams zwischen den inbounds Linien stehen. Wenn zwei Spieler des Receiving Teams einen gegnerischen Spieler beim Kickoff gemeinsam blocken, wäre dies eine illegale Formation und würde zu einer Strafe von fünf Yards führen.;Ja ein Double-Team Block ist unter bestimmten Voraussetzung erlaubt. Beide Blocker müssen sich in der Setup-Zone beim Kick aufstellen und den zu blockenden Spieler zeitgleich kontaktieren. Weiterer Spieler darf nicht am Blocken teilnehmen.;Rule 6, Section 2, Article 1, Item 2(c) and (d)
606;Fact_Retrieval;Hard;llama3.1:8b;1.32;47;Wer muss beim Kickoff alles stillstehen und wie lange?;YES;Laut Artikel 3 (c) müssen alle Spieler der Kicking-Team außer dem Kicker, sowie alle Spieler des Receiving-Teams in der Setup-Zone, beide Füße auf dem Boden haben.;Alle Spieler des Kicking Teams außer dem Kicker müssen mit dem vorderen Fuß auf der Restraining Line des Kicking Teams aufgestellt sein und beide Füße müssen bis zum Kick auf dem Boden bleiben. Alle Spieler des Receiving Teams müssen inbounds und hinter ihrer Restraining Line stehen, und mindestens neun Spieler müssen in der Setup-Zone positioniert sein. Diese Regeln gelten ab dem Zeitpunkt, an dem der Kicker seinen Anlauf zum Ball beginnt, bis der Ball den Boden oder einen Spieler in der Landing Zone oder Endzone berührt.;Rule 6, Section 1 , Article 3, Items (a) and (b)
607;Complex_Reasoning;Hard;llama3.1:8b;15.816;44;Wie viele Yards Strafe gibt es für einen illegalen wedge-block und gibt es einen legalen wedge-block?;YES;Für einen illegalen Wedge-Block gibt es eine Strafe von 15 Yards (ARTICLE 1, Item 2(d)). Ein legaler Wedge-Block ist nicht erlaubt.;Die Strafe beträgt 15 Yards (Spot Foul oder vom Kickoff Spot, je nach Situation). Ein Wedge Block (mehr als 2 Spieler Schulter-an-Schulter) ist generell verboten.;Rule 6, Section 2
701;Fact_Retrieval;Medium;llama3.1:8b;1.193;138;Wann ist ein Spieler 'down'?;YES;"Ein Spieler ist ""down"", wenn er:

* durch einen Gegner getroffen wird und mit einem Teil seines Körpers (außer Händen oder Füßen) den Boden berührt,
* von einem Gegner gehalten oder behindert wird, sodass sein Vorrücken endet,
* sich sofort hinter der Line of Scrimmage auf die Knie setzt oder simuliert,
* sich selbst als ""down"" erklärt, indem er fällt oder sich kniet und keinen Ansturm macht, oder
* sich mit dem Kopf oder Füßen in Richtung Boden bewegt (Sliding oder Diving).";" Ein Spieler ist 'down', wenn er von einem Gegner berührt wird und mit einem Teil seines Körpers außer den Händen (einschließlich Handgelenk) oder Füßen (einschließlich Knöchel) den Boden berührt; wenn er gehalten oder anderweitig zurückgehalten wird, sodass sein Vorwärtsfortschritt endet; wenn ein Quarterback sofort hinter oder jenseits der Line of Scrimmage auf sein Knie fällt oder so tut, als ob er auf sein Knie fällt; wenn ein Läufer sich selbst durch Fallen, Knien, Rutschen oder Tauchen als down erklärt; wenn ein Läufer aus dem Spielfeld geht; wenn ein Gegner einen Ball nimmt, der sich im Besitz eines Läufers am Boden befindet; wenn ein Vorwärtspass unvollständig ist; wenn ein legaler oder illegaler Kick die Torpfosten oder die Querlatte berührt; wenn ein loser Ball irgendwo auf dem Spielfeld zur Ruhe kommt und kein Spieler versucht, ihn zu erobern; wenn ein legaler oder illegaler Kick von den Kickern gefangen oder erobert wird (außer bei einem Scrimmage-Kick, der von hinter der Linie gekickt und hinter der Linie erobert wird); wenn ein Kickoff oder Safety-Kick zuerst den Boden oder einen Spieler vor der vorderen Yard-Linie der Landezone berührt; wenn ein Onside-Kick unberührt über die Onside-Kick-Setup-Zone hinausgeht; wenn ein Touchdown, Touchback, Safety, Field Goal oder Try erzielt wurde; wenn ein Empfänger den Ball nach einem Fair-Catch-Signal fängt oder erobert (sofern der Ball nicht von einem Gegner berührt wurde); wenn ein Offizieller irrtümlich die Pfeife bläst, während der Ball noch im Spiel ist.; wenn ein Spieler seinen Helm verliert; wenn der Ball nicht aktiv im Spiel befindliche Ausrüstung berührt; oder wenn ein Teammitglied einen Fumble aufnimmt, während eines two minute, try oder vierten downs Spielzug.";Rule 7, Section 2 , Article 1
702;Fact_Retrieval;Easy;llama3.1:8b;0.621;63;Liste alle Körperteile auf, mit denen ein Spieler als down gewertet wird.;YES;"Laut dem Kontext sind folgende Körperteile für die Bewertung eines Spielers als ""down"" relevant:

* Hände (inklusive Handgelenk)
* Füße (inklusive Fußgelenk)
* Kopf
* Schultern
* Oberarm";Jedes Körperteil außer den Händen und den Füßen (z.B. Knie, Ellbogen, Kopf, Gesäß, Rücken).;Rule 7, Section 2 , Article 1, Item (a)
703;Fact_Retrieval;Easy;llama3.1:8b;0.556;43;Was bedeutet Offside?;YES;"Ein Spieler ist ""offside"", wenn ein Teil seines Körpers im oder über der Neutralzone (die Zone zwischen den Linien des Spielfelds) ist, wenn das Spiel beginnt.";Ein Spieler befindet sich beim Snap in oder jenseits der Neutral Zone.;Rule 7, Section 4 , Article 5
704;Negative_Constraint;Medium;llama3.1:8b;0.695;80;Kann nur ein Defensive-Spieler im Offside sein?;YES;Nein, gemäß Artikel 5 (OFFSIDE) kann auch ein Spieler des Angriffsteams im Offside sein. Ein Spieler ist dann im Offside, wenn irgendeine Teile seines Körpers in oder jenseits der Neutralzone oder eines Einschließungslinie für einen Onside-Kick liegt, wenn der Ball gespielt wird.;Nein. Auch Offense-Spieler können im Offside sein, wenn sie Körperteile in der Neutral Zone haben (Lined up in the neutral zone).;Rule 7, Section 4 , Article 1 & 5
705;Complex_Reasoning;Hard;llama3.1:8b;0.826;80;Ein Ballträger läuft ins Aus. Was gilt als Startpunkt für den nächsten Spielzug: Wo der Ball war oder wo der Ballträger war?;YES;Laut Artikel 2 (o) ist der Ball aus, wenn ein Receiver ihn nach einem validen Fair-Catch-Signal fängt, bevor er von einem Gegner berührt wird. In diesem Fall gilt der Startpunkt für den nächsten Spielzug als der Punkt, an dem der Ballträger ins Aus ging. Der Ball selbst spielt keine Rolle mehr.;Der Spot ist dort, wo sich der Ball befand, genau in dem Moment, als der Ballträger mit einem Fuß oder einem anderem Körperteil die Seitenlinie berührte.;Rule 7, Section 2 , Article 1, Item (e) & Section 3 , Article 3
706;Fact_Retrieval;Hard;llama3.1:8b;7.188;222;Was ist eine illegale Formation der Offense?;YES;"Eine illegale Formation durch die Offense tritt ein, wenn die Offense nicht mit den in Artikel 1 aufgeführten Anforderungen übereinstimmt. Dazu gehören:

* Weniger als sieben Spieler auf der Linie (Artikel 1a)
* Nicht-Eligible-Receivers zwischen den Enden der Linie (Artikel 1b)
* Ein Spieler, der sich außerhalb des Spielfeldes befindet (Artikel 1c)
* Ein Spieler, der sich in einer Position befindet, die weder klar auf noch klar ab der Line of Scrimmage liegt, es sei denn er ist direkt hinter dem Snapper und trägt eine Nummer, die für einen Eligierten zulässig ist (Artikel 1d)
* Ein Spieler in einem Eligierten-Position, der keine zulässige Nummer trägt (Artikel 1e)

Bei einer illegalen Formation durch die Offense wird ein Verlust von fünf Yards verhängt."; Eine illegale Formation der Offense liegt vor, wenn die Offense nicht mindestens sieben Spieler in der Line hat, wenn nicht beide Enden der Line von einem berechtigten Receiver besetzt sind, wenn ein Spieler out of bounds ist, wenn mehr als ein Spieler weder klar on noch klar off der Line of Scrimmage positioniert ist (außer dem Snapper), oder wenn Spieler in berechtigten Positionen keine berechtigte Nummer tragen (außer sie haben sich gemeldet).;Rule 7, Section 5 
801;Fact_Retrieval;Medium;llama3.1:8b;2.156;218;Wann darf ein Football nach vorne geworfen und wann nach hinten geworfen werden?;YES;"Ein Forward Pass (nach vorne geworfener Ball) ist erlaubt, wenn der Ball von einem Spieler hinter der Line of Scrimmage geworfen wird. Der Ball muss jedoch nicht unbedingt direkt nach vorne fliegen, sondern kann auch in Richtung des eigenen Teams oder quer über den Felder fliegen.

Ein Backward Pass (nach hinten geworfener Ball) ist dagegen erlaubt, wenn der Ball von einem Spieler an einen anderen Spieler seines Teams geworfen wird, der hinter ihm steht. Dies kann auch ein Snap vom Center zum Quarterback sein.

Es ist wichtig zu beachten, dass es keine spezielle Regel gibt, wann ein Forward Pass oder ein Backward Pass erlaubt ist. Die Regeln beschränken sich eher auf die Bedingungen, unter denen ein Forward Pass illegal wird (z.B. wenn der Ball von einem Spieler hinter der Line of Scrimmage geworfen wird, aber nicht in Richtung des eigenen Teams fliegt).";Ein Vorwärtspass darf nur einmal pro Spielzug von hinter der Line of Scrimmage geworfen werden. Ein Rückwärtspass ist jederzeit und von jeder Position aus erlaubt.;Rule 8, Section 1 & Section 7
802;Ambiguity_Resolution;Hard;llama3.1:8b;1.809;229;Was bedeutet es, dass ein Spieler sich re-etablieren muss, nachdem er out of bounds gelaufen ist?;YES;"Nach Artikel 5 (Eligible Receivers) und Artikel 8 (Illegal Touching of a Forward Pass) steht fest, dass ein Spieler, der aus dem Spielfeld ausgelaufen ist, sich re-etablieren muss, um wieder als spielberechtigt zu gelten.

Das bedeutet, dass er mit beiden Füßen oder einem anderen Körperteil (außer den Händen) das Spielfeld wieder betreten und inbounds sein muss, bevor er wieder als spielberechtigter Empfänger gilt. Wenn ein Spieler aus dem Spielfeld ausgelaufen ist und sich nicht re-etablieren kann, bleibt der Pass für ihn ungültig.

Es ist wichtig zu beachten, dass dies nur für einen Spieler gilt, der aus dem Spielfeld ausgelaufen ist, weil er selbst aus dem Spielfeld ausgelaufen ist. Wenn ein Spieler durch eine Aktion eines Gegners aus dem Spielfeld gedrängt wird und sich nicht re-etablieren kann, bleibt der Pass für ihn gültig.";Er muss sich 're-establish'en. Das heißt, er muss mit beiden Füßen (oder einem Körperteil) wieder im Spielfeld landen, bevor er legal den Ball berühren darf.;Rule 8, Section 1 , Article 4 (c)
803;Fact_Retrieval;Medium;llama3.1:8b;1.547;185;Wenn der Ball gefumbelt wird, wer bekommt dann den Ball und wo geht es weiter?;YES;"Nach einem Fumble kann jeder Spieler des jeweils anderen Teams (also entweder die Verteidigung oder das andere Team) den Ball aufnehmen und vorwärts laufen. Der Ball bleibt also lebendig, bis ein Spieler ihn wieder fängt oder er außerhalb der Spielfeldlinien geht.

Wenn der Fumble jedoch in einem Endzone passiert, gibt es spezielle Regeln:

* Wenn der Ball aus einer eigenen Endzone heraus gefumbelt wird und dann in die gegnerische Endzone gerollt wird, ist es ein Safety.
* Wenn der Ball aus einer eigenen Endzone heraus gefumbelt wird und dann außerhalb des Spielfelds rollt, ist es ein Touchback für das defensive Team.

Wenn der Fumble jedoch nicht in eine Endzone geht, wird der Ball an den letzten Besitzer zurückgegeben."; Wenn der Ball gefumbelt wird, kann jeder Spieler beider Teams den Ball aufnehmen und vorwärts bewegen, außer wenn der Fumble im vierten Down, nach der Zwei-Minuten-Warnung oder während eines Trys passiert. Wenn der Fumble ins Aus geht, wird der Ball an dem Punkt wieder ins Spiel gebracht, an dem der Fumble ins Aus ging, abhängig davon, ob der Fumble vorwärts oder rückwärts ging. Wenn der Ball rückwärts ins Aus geht, bekommt das Team, das zuletzt den Ball hatte, den Ball an dem Punkt, an dem der Ball ins Aus ging. Wenn der Fumble vorwärts ins Aus geht, bekommt das Team, das zuletzt den Ball hatte, den Ball an dem Punkt des Fumbles. Wenn der Fumble in der eigenen Endzone nach vorne in Field of Play und dann ins Aus geht, führt das zu einem Safety, wenn das Team den Impuls gegeben hat, der den Ball in die Endzone gebracht hat. Wenn der Impuls vom Gegner kam, führt das zu einem Touchback. Wenn nichts davon zutrifft und es keinen Ballbesitzwechsel gab und der Ball nicht das first down erreicht hat, wird der Ball dem verteidigenden Team an dem Punkt gegeben, an dem der Ball für tot erklärt wurde.;Rule 8, Section 7 , Articles 3
804;Negative_Constraint;Hard;llama3.1:8b;6.792;150;Darf ein Spieler den Ball zu einem Mitspieler nach vorne übergeben, wenn er nicht der Quarterback ist?;YES;"Ja, das ist möglich. Ein Spieler kann einen Forward Pass an einen Mitspieler werfen, auch wenn er nicht der Quarterback ist. Dies gilt jedoch nur, wenn der Ball von dem Spieler, der den Pass wirft, zunächst nach vorne bewegt wird (siehe Artikel 1, Definition). Der Spieler muss also die Hand mit Absicht nach vorne bewegen, um einen Forward Pass zu starten.

Es gibt keine Einschränkung in den Regeln, dass nur der Quarterback einen Forward Pass werfen darf. Jeder Spieler kann einen Forward Pass werfen, solange er die Voraussetzungen für einen Forward Pass erfüllt (siehe Artikel 1, Definition).";Ja solange er sich hinter der Line of Scrimmage befindet und der Mitspieler ein berechtigter Empfänger ist.;Rule 8, Section 1
805;Negative_Constraint;Medium;llama3.1:8b;1.524;204;Darf jeder Spieler den Ball fangen?;YES;"Nein, nicht jeder Spieler ist berechtigt, einen Vorwärtspass zu fangen. Nach Artikel 5 sind nur bestimmte Spieler berechtigt, einen Vorwärtspass von hinten der Line of Scrimmage zu fangen:

* Verteidiger
* Offensivspieler auf den Enden der Linie (sofern sie die Nummern 0-49 oder 80-89 haben oder sich rechtzeitig gemeldet haben)
* Offensivspieler, die mindestens einen Yard hinter der Line of Scrimmage stehen, wenn das Spiel losgeht
* Alle offensiven Spieler nachdem der Ball von einem Verteidiger oder einem anderen berechtigten offensiven Spieler berührt wurde
* Ein berechtigter Empfänger, der durch eine Foulhandlung eines Gegners aus dem Spielfeld gedrängt wird und sich sofort wieder in das Spiel einbringt.";Nein. Nur 'Eligible Receivers' (Enden der Linie, Backfield-Spieler) dürfen einen Vorwärtspass fangen. Linemen (Nr. 50-79) sind normalerweise nicht berechtigt.;Rule 8, Section 1
806;Complex_Reasoning;Hard;llama3.1:8b;6.334;69;Wenn ein nicht fangberechtigter Spieler fängt den Ball. Welche Strafe entsteht?;YES;Laut Artikel 8 (a) ist es eine Foul für illegalen Ballkontakt, wenn ein nicht fangberechtigter Offensivspieler den Ball zuerst berührt oder fängt. Die Strafe lautet: Verlust von fünf Yards vom vorherigen Spielpunkt.;Illegal Touching. Die Strafe beträgt 5 Yards und beinhaltet einen 'Loss of Down'.;Rule 8, Section 1
807;Complex_Reasoning;Hard;llama3.1:8b;0.638;80;Ein nicht fangberechtigter Spieler fängt den Ball, nachdem er von einem Verteidiger berührt ('gemuffed') wurde. Ist das ein Foul?;YES;Ja, das ist ein Foul für illegalen Touching eines Vorwärtspasses (8-1-2). Der nicht fangberechtigte Spieler hat den Ball nach dem Berührung durch einen Verteidiger gefangen, was gegen die Regeln verstößt. Die Strafe lautet: Verlust von fünf Yards vom vorherigen Standort.;Nein. Sobald die Defense (oder ein Offizieller) den Ball berührt, werden alle Offense-Spieler fangberechtigt.;Rule 8, Section 1
808;Fact_Retrieval;Medium;llama3.1:8b;0.605;53;Bei einer offensiven pass interference, wird der Ball beim ort des foul weitergespielt, richtig?;YES;Nein, das ist nicht korrekt. Bei einer offensiven Pass Interference (PI) wird ein Verlust von 10 Yards vom vorherigen Spot verhängt, kein Weiterspielen des Balls vom Ort des Foul.;Nein. Offensive Pass Interference ist kein Spot Foul. Es gibt 10 Yards Strafe vom Previous Spot (vorherigen Startpunkt).;Rule 8, Section 5
809;Complex_Reasoning;Medium;llama3.1:8b;1.525;179;Wenn der Ball hinter der Line of Scrimmage gepasst wird, folgt eine Strafe?;YES;"Ja, wenn der Ball hinter der Line of Scrimmage gepasst wird, ist es ein illegaler Forward Pass. Die Strafen sind in Artikel 2, Item 1 beschrieben:

* (a) Ein Forward Pass geworfen, wenn der Passer und der Ball sich beide hinter der Linie befinden, wenn der Ball freigegeben wird: Verlust des Downs und fünf Yards vom Ort, an dem der Ball freigegeben wurde.
* (b) Ein zweiter Forward Pass geworfen von hinten der Linie: Verlust des Downs und fünf Yards vom vorherigen Ort.
* (c) Ein Forward Pass geworfen, nachdem der Ball die Linie überschritten hat und wieder dahinter zurückgekehrt ist: Verlust des Downs und fünf Yards vom vorherigen Ort.";Nein, solange es der erste Vorwärtspass ist. Pässe hinter der Line sind legal.;Rule 8, Section 1
1101;Negative_Constraint;Easy;llama3.1:8b;0.323;25;Gibt ein Touchdown 7 Punkte?;YES;Nein, laut Artikel 2(a) des Kontextes gibt es für einen Touchdown 6 Punkte.;Nein. Ein Touchdown zählt 6 Punkte. Der 7. Punkt (Extrapunkt/PAT) ist ein separater Spielzug (Try), der nach dem Touchdown gespielt wird.;Rule 11, Section 1
1102;Fact_Retrieval;Easy;llama3.1:8b;0.556;69;Gib mir eine Übersicht, wie Punkte erzielt werden können.;YES;"Hier ist eine kurze Übersicht über die Möglichkeiten, Punkte zu erzielen:

* Touchdown: 6 Punkte
* Field goal: 3 Punkte
* Safety: 2 Punkte
* Try nach Touchdown (mit Field Goal oder Safety): 1 Punkt bzw. 2 Punkte";Touchdown (6 Punkte), Field Goal (3 Punkte), Safety (2 Punkte), Try nach Touchdown (1 Punkt per Kick oder 2 Punkte per Spielzug).;Rule 11, Section 1
1103;Complex_Reasoning;Hard;llama3.1:8b;1.437;155;Kann man bei einem Fieldgoalversuch, wenn man das Fieldgoal blockt und den Ball in die gegnerische Endzone trägt, einen Touchdown erzielen?;YES;"Ja, wenn ein Spieler während eines Field-Goal-Versuchs den Ball blockt und ihn dann in die gegnerische Endzone bringt, kann dies als Touchdown gewertet werden. Dies ist jedoch nur möglich, wenn der Blocker den Ball nicht nur berührt oder abgelenkt hat, sondern ihn tatsächlich in Besitz genommen und ihn in die Endzone getragen hat.

In diesem Fall wird der Touchdown dem Team zugesprochen, das den Field-Goal-Versuch ausführte. Es ist jedoch wichtig zu beachten, dass dies eine seltene und spezielle Situation ist, da Blocken bei einem Field-Goal-Versuch normalerweise als Foul gewertet wird.";Ja. Ein geblocktes Field Goal ist ein Live Ball (außer beim Try, da gelten Sonderregeln für 2 Punkte). Wenn die Defense ihn recovert, kann sie ihn zum Touchdown zurücktragen.;Rule 11, Section 4, Article 1 & Rule 3, Section 2, Article 3 & 4
1104;Complex_Reasoning;Medium;llama3.1:8b;6.407;80;Kann ein Punter auch ein Fieldgoal schießen?;YES;"Nein, laut dem Kontext ist ein Field Goal nur möglich, wenn der Kick von einem Spieler des Offenses gemacht wird. Ein Punter ist ein Spieler des Offenses, aber er ist speziell für den Punt zuständig, nicht für den Field Goal. Der Text spricht explizit davon, dass der Kick ""von dem Offense"" gemacht werden muss.";Ja, solange der Ball regelkonform gekickt wird (Placekick oder Dropkick). Die Position des Spielers ist egal, die Technik zählt.;Rule 11, Section 4
1105;Complex_Reasoning;Medium;llama3.1:8b;0.44;46;Muss der ganze Ball über der Endzonenlinie sein, damit es ein Touchdown ist?;YES;"Nein, laut Artikel (a) muss nur ""some part of the ball"" über oder hinter der Endzonenlinie sein. Der gesamte Ball muss nicht vollständig über der Linie liegen.";Nein. Es reicht, wenn ein beliebiger Teil des Balls die vertikale Ebene der Goal Line (Plane of the Goal Line) durchbricht, während der Spieler Ballkontrolle hat.;Rule 11, Section 2
1106;Complex_Reasoning;Hard;llama3.1:8b;0.528;62;Muss der Ball den Boden der Endzone oder einen Pylonen berühren, damit es ein Touchdown ist?;YES;Nein, das ist nicht erforderlich. Gemäß Absatz (c) reicht es aus, wenn die Kugel den Pylonen berührt und dabei kein Teil des Spielers außer seinen Händen oder Füßen den Boden vorher berührt hat.;Nein, nicht zwingend. Wenn der Spieler den Ball trägt, reicht das Durchbrechen der Linie (Airborne). Nur bei einem Loose Ball (z.B. Fumble Recovery in der Endzone) muss der Ballbesitz in der Endzone gesichert werden.;Rule 11, Section 2
1107;Negative_Constraint;Medium;llama3.1:8b;0.691;69;Kann man durch eine Strafe Punkte bekommen?;YES;Ja, das ist möglich. Laut Artikel 1 (a) wird es zu einem Safety, wenn die Offense einen Fouls begeht hinter der eigenen Goal Line und die Defense entscheidet, den Strafpenalty an diesem Punkt auszuführen. In diesem Fall erhält die Defense zwei Punkte.;Ja, aber nur bei einem Safety (wenn das Foul in der eigenen Endzone der Offense passiert). Man bekommt keine Touchdowns durch Strafen zugesprochen.;Rule 11, Section 5
1108;Fact_Retrieval;Easy;llama3.1:8b;0.994;123;Was ist ein Touchback?;YES;Ein Touchback ist eine Situation, bei der das Ballspiel nach einem Punt oder einer anderen speziellen Spielzustellung tot ist und sich auf oder hinter der Goal Line befindet, die von dem Team verteidigt wird, gegen das gespielt wird. Dies kann passieren, wenn ein Spieler des kickenden Teams den Ball in die Endzone fallen lässt oder wenn der Ball nach einem Punt über die Goal Line rollt. In diesem Fall wird das Spiel neu gestartet, und das verteidigende Team erhält den Ball auf seiner 20-Yard-Linie.;Eine Situation, bei der der Ball in der Endzone 'tot' wird (z.B. durch Kickoff oder Interception) und das verteidigende Team den Ballbesitz erhält, normalerweise an der 20- oder 30-Yard-Line.;Rule 11, Section 6
1109;Fact_Retrieval;Medium;llama3.1:8b;6.166;67;Wann kann ein Touchback auftreten?;YES;Ein Touchback kann auftreten, wenn die Ball ist tot auf oder hinter der Goal Line einer verteidigten Mannschaft, vorausgesetzt, dass der Impetus von einem Gegner kommt und es sich nicht um einen Touchdown oder eine unvollständige Vorwärtspass handelt.;1. Kickoff landet in der Endzone. 2. Punt geht in die Endzone. 3. Interception/Fumble Recovery in der eigenen Endzone und der Spieler wird dort getackelt.;Rule 11, Section 6
1110;Complex_Reasoning;Hard;llama3.1:8b;0.707;69;Kann man bei einem Extrapunktversuch, wenn man den Extrapunkt blockt und den Ball in die gegnerische Endzone trägt, einen 6 Punkte Touchdown erzielen?;YES;Nein. Wenn der Extrapunktversuch blockt wird und der Ball in die gegnerische Endzone getragen wird, ist dies ein Safety für das Team, das den Extrapunktversuch durchführte (Team A). Gemäß Artikel 2(c) des Kontextes würde Team B einen Punkt erhalten.;Nein, wenn eines der beiden Teams bei dem Extrapunktversuch ein Touchdown erzielt, werden nur 2 Punkte an das Team vergeben, keine 6 Punkte.;Rule 11, Section 3, Article 2
1201;Fact_Retrieval;Medium;llama3.1:8b;5.834;714;Nenne mir Aktionen, für die man ein Personal Foul bekommen kann.;YES;"Hier sind einige Aktionen, für die man ein Personal Foul bekommen kann:

1. Clipping (12-2-1): Blocken eines Gegners von hinten unterhalb der Hüfte.
2. Peel Back Block (12-2-2): Initiales Kontakt mit einem Gegner auf der Seite und unterhalb der Hüfte, wenn man selbst nach vorne läuft.
3. Illegal Cut Block (8-4-5): Unzulässige Schnittblocke.
4. Blocking Below the Waist (12-2-4): Blocks unterhalb der Hüfte in bestimmten Situationen, wie z.B. nach einem Wechsel des Besitzes oder bei einem Free Kick.
5. Chop Block (12-2-5): Doppelteam-Block mit zwei Offensivspielern, bei dem einer den Gegner im Bereich der Oberschenkel oder unterhalb blockt.
6. Crackback Block (12-2-6): Block eines Gegners von hinten, wenn man selbst nach vorne läuft und sich in einem bestimmten Bereich befindet.
7. Blindside Block (12-2-7): Initiales Kontakt mit einem Gegner, wenn man selbst nach vorne läuft und den Gegner von der Seite oder hinten trifft.
8. Unnecessary Roughness (12-2-8): Unnötige Härte, wie z.B. das Benutzen des Fußes oder eines Teils des Beins, um einen Gegner zu treffen.
9. Players in a Defenseless Posture (12-2-9): Kontakt mit einem Spieler, der sich in einer wehrlosen Lage befindet, wie z.B. ein Quarterback, der gerade geworfen hat.
10. Impermissible Use of the Helmet (12-3-1): Unzulässige Verwendung des Helms, wie z.B. das Herunterschießen des Kopfes oder das Benutzen des Helms, um einen Gegner zu treffen.
11. Roughing the Passer (12-2-10): Unnötige Härte gegen den Quarterback, wie z.B. das Benutzen des Helms oder der Schultern, um ihn zu treffen.
12. Roughing/Running into the Kicker (12-3-2): Unnötige Härte gegen den Kicker oder den Holder eines Placekicks.
13. Striking, Kicking, Tripping or Kneeing Opponents (12-3-4): Schlag-, Tritt-, Stoß- oder Knieattacken gegen Gegner.
14. Twisting, Pulling or Turning the Facemask or Helmet Opening (12-2-11): Verändern der Position des Helmvisiers oder -öffnungs eines Gegners.
15. Horse-Collar Tackle (12-3-5): Blocken eines Gegners am Hals oder Schultergurt.
16. Use of Helmet as a Weapon (12-3-6): Benutzen des Helms als Waffe, um einen Gegner zu treffen.
17. Hip-Drop Tackle (12-3-7): Verwendung einer bestimmten Technik, um einen Gegner am Boden zu halten.

Es ist wichtig zu beachten, dass diese Liste nicht vollständig ist und es weitere Aktionen gibt, die als Personal Foul gewertet werden können.";Dazu gehören Unnecessary Roughness, Facemask, Roughing the Passer/Kicker, Horse Collar Tackle, Clipping, Low Blocks, Striking/Kicking/Kneeing, Chop-,Crackback-,Blindside-,Peel-Back-,Cut-Block oder tief Blocken, Hip drop tackle, den Helm als Waffe benutzen oder gegen den Helm Tacklen, einen Spieler angreifen der sich nicht wehren kann.;Rule 12, Section 2
1401;Fact_Retrieval;Medium;llama3.1:8b;1.067;70;Was ist ein 'Spot Foul'?;YES;"Ein ""Spot Foul"" (auch als ""Spot of the Foul"" bezeichnet) ist der Punkt auf dem Spielfeld, an dem eine Strafe begangen wurde. Es ist der Ort, an dem die Regelverletzung stattgefunden hat und von dort aus die Strafe eingeführt wird.";Ein Foul, bei dem die Strafe direkt von der Stelle aus verhängt wird, an der das Foul begangen wurde (und nicht vom vorherigen Startpunkt). Beispiele: Defensive Pass Interference.;Rule 14, Section 3
1502;Fact_Retrieval;Hard;llama3.1:8b;12.348;514;Gib eine Übersicht aller Aktionen, die ein Trainer anfechten (challengen) kann.;YES;"Basierend auf dem bereitgestellten Kontext können Trainer folgende Aktionen anfechten:

1. **Plays involving possession**:
	* Ob ein Pass komplett oder unvollständig war
	* Ob ein Spieler einen losen Ball legal erwischt hat
	* Ob der Passer den Ball vorher fummelte oder nicht
	* Ob ein Runner den Ball verloren hatte, bevor er zu Boden ging
2. **Plays involving touching of either the ball or the ground**:
	* Ob ein Spieler down-by-contact war
	* Ob der Passer den Ball geworfen hat, bevor er down-by-contact war
	* Ob ein Spieler einen Vorwärtspass berührt hat
	* Ob ein Spieler einen Kick berührt hat und der Punkt des Berührungs wurde korrekt bestimmt
	* Ob ein Spieler einen losen Ball berührt hat
	* Ob die Kugel den Boden nach einem Free-Kick oder Scrimmage-Kick berührte
3. **Plays governed by the goal line**:
	* Ob die Kugel die Goal-Line überschritten hatte, bevor sie tot war
	* Ob ein Spieler in seinem Endzone war (Momentum)
4. **Plays governed by the boundary lines**:
	* Ob ein Runner inbounds oder out-of-bounds war
	* Ob ein Receiver inbounds oder out-of-bounds war
	* Ob der Passer vor dem Wurf aus dem Spielfeld ging
	* Ob ein Spieler während eines Scrimmage-Kicks aus dem Spielfeld ging
5. **Plays governed by the line of scrimmage**:
	* Ob ein Vorwärtspass illegal geworfen wurde (Passer war hinter der Line of Scrimmage)
6. **Plays governed by the line to gain**:
	* Ob die tote Kugel vor oder hinter der Line to Gain lag
7. **Game administration**:
	* Zeitkorrekturen am Spieluhr
8. **Disqualification of a player**:
	* Entscheidung des Senior Vice President of Officiating, ob ein Spieler disqualifiziert werden sollte

Es ist wichtig zu beachten, dass die Anfechtungsmöglichkeiten von Trainern begrenzt sind und nicht alle Aspekte eines Spiels anfechtbar sind.";Folgende Spielsituationen können angefochten werden: Ob ein ein Spieler die Ballkontrolle hatte, ob ein Ball einen Spieler oder den Boden berührt hat, ob ein Läufer out of bounds war, ob ein Fumble vorlag, ob der Ball die Goal Line, die first down line oder die scrimmage line überquert hat, Anzahl der Spieler auf dem Feld, ob eine Strafe vorliegt, der Ball oder ein Foul richtig gespotted wurde, ob ein Spielzug wirklich beendet war, ob die Game Clock richtig ist, die disqualifikation eines Spielers, die richtung eines Passes, einen illegallen Pass oder Ballübergabe nach vorn, einen Fieldgoalversuch und ob der Ball ein aussenstehendes Objekt berüht hat. (Nicht challengebar: Fouls wie Holding oder Pass Interference, und alle Scores/Turnovers, da diese automatisch überprüft werden).;Rule 15, Section 3
1503;Complex_Reasoning;Hard;llama3.1:8b;0.73;81;Wie viele Timeouts hat ein Team noch, wenn eine Challenge erfolgreich war?;YES;Ein Team erhält nach einer erfolgreichen Challenge einen zusätzlichen Challenge. Die Anzahl der verfügbaren Timeouts bleibt jedoch unverändert. Ein Team kann also zwei Challenges und die entsprechenden Timeouts haben, auch wenn es bereits zwei Challenges verwendet hat. Erst bei drei erfolgreichen Challenges erhält das Team ein drittes Challenge und die dafür erforderliche Zeitpause.;Nur wenn eine Challenge erfolglos war, wird ein Timeout abgezogen. Wenn eine Challenge erfolgreich war, bleibt die Anzahl der Timeouts gleich.;Rule 15, Section 1, Article 1
101;Fact_Retrieval;Easy;llama3.3:70b;16.898;17;Wie groß ist das Spielfeld?;YES;Das Spielfeld ist 360 Fuß lang und 160 Fuß breit.;Das gesamte Feld ist 360 Fuß lang und 160 Fuß breit.;Rule 1, Section 1
102;Fact_Retrieval;Medium;llama3.3:70b;3.108;78;Was ist der Unterschied zwischen 'Field of Play' und dem gesamten Spielfeld?;YES;Der 'Field of Play' bezieht sich auf den Bereich, der von den Goal Lines und Sidelines begrenzt wird. Das gesamte Spielfeld hingegen umfasst zusätzlich die End Zones. Der 'Field of Play' ist also ein Teil des gesamten Spielfeldes, das eigentliche Spielgeschehen findet hier statt.;Das 'Field of Play' ist der Bereich zwischen den Goal Lines. Das gesamte Spielfeld beinhaltet zusätzlich die beiden Endzonen.;Rule 1, Section 1
103;Negative_Constraint;Easy;llama3.3:70b;11.494;32;Darf das Spielfeld blau sein?;YES;Nein, die Oberfläche des gesamten Spielfelds muss eine von der Liga genehmigte Schattierung von Grün sein.;Nein. Die Oberfläche muss ein von der Liga genehmigter Grünton sein.;Rule 1, Section 1
104;Fact_Retrieval;Easy;llama3.3:70b;1.3;34;Dürfen die Mannschaftsbänke näher als 30 Fuß an der Seitenlinie stehen?;YES;Nein, keine Mannschaftsbänke oder starren Einrichtungen dürfen näher als 30 Fuß von den Seitenlinien entfernt sein.;Nein. Die Zonen für die Mannschaftsbänke müssen einen bestimmten Abstand zur Seitenlinie haben (mindestens 30 Fuß).;Rule 1, Section 2
105;Fact_Retrieval;Medium;llama3.3:70b;1.357;37;Wie hoch muss die Querstange des Torpfostens über dem Boden sein?;YES;Die Querstange (Crossbar) des Torpfostens muss 10 Fuß (entspricht etwa 3,05 Meter) über dem Boden liegen.;Die Oberkante der Querstange muss 10 Fuß über dem Boden sein.;Rule 1, Section 3
106;Fact_Retrieval;Easy;llama3.3:70b;13.157;22;Welche Farbe müssen die Torpfosten haben?;YES;Die Torpfosten (Goal Posts) müssen hellgold (bright gold) gefärbt sein.;Die Torpfosten müssen in hellem Gold gestrichen sein.;Rule 1, Section 3
201;Fact_Retrieval;Easy;llama3.3:70b;1.341;21;Welcher Luftdruck ist für den Spielball vorgeschrieben?;YES;Der Luftdruck des Spielballs muss zwischen 12½ und 13½ pounds liegen.;Der Ball muss auf 12 ½ bis 13 ½ Pfund (psi) aufgepumpt sein.;Rule 2, Section 1
202;Fact_Retrieval;Medium;llama3.3:70b;14.426;46;Wie viele Bälle muss jedes Team vor dem Spiel für den Referee zum Testen bereitstellen?;YES;"Jedes Team muss 27 Bälle bereitstellen: 
- 12 primary Bälle, 
- 12 backup-Bälle und 
- 3 speziell markierte kicking Bälle.";Insgesamt 27 Bälle: 12 primäre Bälle, 12 Ersatzbälle (Backup) und 3 speziell markierte Kicking-Bälle.;Rule 2, Section 2
203;Complex_Reasoning;Hard;llama3.3:70b;18.69;68;Das Heimteam stellt die Bälle. Was passiert, wenn deren Bälle nicht den Regeln entsprechen oder ausgehen?;YES;Wenn das Heimteam keine konformen Bälle hat oder deren Vorrat erschöpft ist, sichert der Referee einen geeigneten Ball vom Gastteam und falls dies auch nicht möglich ist, wird der beste verfügbare Ball verwendet. Der Vorfall muss dem Commissioner gemeldet werden.;Der Referee muss sich einen korrekten Ball vom gegnerischen Team besorgen. Wenn das nicht geht, wird der beste verfügbare Ball verwendet.;Rule 2, Section 2
204;Ambiguity_Resolution;Medium;llama3.3:70b;2.303;67;Es regnet stark und der Ball ist nass. Darf die Offense den Ball tauschen?;YES;Ja, bei Regen oder einem nassen, matschigen oder rutschigen Feld darf die Offense einen neuen, spielbaren Ball verwenden, wenn ihr Center dies beantragt. Die Spieluhr stoppt dabei nicht, es sei denn, es kommt zu unangemessenen Verzögerungen.;Ja, bei nassem oder schlammigem Wetter darf auf Anfrage des Centers ein spielbarer (trockener) Ball verwendet werden. Die Uhr wird dafür aber nicht angehalten.;Rule 2, Section 2
205;Fact_Retrieval;Hard;llama3.3:70b;13.582;14;Welche Farbe muss der Ball haben?;YES;Der Ball muss eine natürliche Tan-Farbe haben.;Er muss eine natürliche Bräunung haben.;Rule 2, Section 1
301;Ambiguity_Resolution;Hard;llama3.3:70b;17.757;113;Ab wann gilt ein Ball als gefangen?;YES;Ein Ball gilt als gefangen (Catch), wenn ein Spieler im Spielfeld die Kontrolle über den Ball erlangt, bevor dieser den Boden berührt, und diese Kontrolle während und nach dem Berühren des Bodens aufrechterhält. Es ist auch ein Catch, wenn der Spieler in einem Prozess des Versuchs, den Ball zu besitzen, die Kontrolle über den Ball erlangt, bevor dieser den Boden berührt, und diese Kontrolle beibehält.;Ein Spieler muss den Ball mit den Händen oder Armen Kontrollieren und mit beiden Füßen den Boden Berühren. Wenn diese beiden Punkte erfüllt sind muss der Ball lange genug im Besitz bleiben um einen 'act common to the game' ausführen zu können, unabhängig davon ob die Aktion ausgeführt werden kann (z. B. den Ball wegstecken, ausweichen, den Ball vorstrecken), damit der Catch vollständig ist. ;Rule 3, Section 2, Article 7
302;Complex_Reasoning;Hard;llama3.3:70b;3.692;109;Der Ball wird bei einem Kickoff gekickt. Ein Spieler berührt den Ball in dem Versuch, ihn zu fangen. Gilt das als Fumble?;YES;Nein, das gilt als Muff. Laut Artikel 6 ist ein Muff das Berühren eines Loose Balls durch einen Spieler im erfolglosen Versuch, Besitz davon zu erlangen. Ein Fumble hingegen ist laut Artikel 5 die Handlung, bei der ein Spieler den Ball verliert, nachdem er ihn bereits in seinem Besitz hatte. Beim Kickoff hat der Spieler den Ball noch nicht in seinem Besitz, daher kann es sich nicht um einen Fumble handeln.;Nein, das ist ein 'Muff'. Ein Fumble setzt voraus, dass der Spieler vorher im Ballbesitz war. Ein Muff ist das Berühren eines freien Balls, wodurch dieser weiter frei bleibt.;Rule 3, Section 2, Article 5 & 6
303;Fact_Retrieval;Medium;llama3.3:70b;14.817;79;Was ist der Unterschied zwischen einem 'Live Ball' und einem 'Loose Ball'?;YES;Ein 'Live Ball' bezeichnet einen Ball, der im Spiel ist, während ein 'Loose Ball' einen Live-Ball beschreibt, der nicht in Besitz eines Spielers ist, also gekickt, geworfen oder gefumbled wurde. Ein Loose Ball bleibt solange ein Live Ball, bis ein Spieler den Ball sichert oder der Ball tot (dead) wird.;Ein 'Live Ball' ist jeder Ball, der aktiv im Spiel ist bzw gespielt wird. Ein 'Loose Ball' ist ein Live Ball, der sich nicht im Besitz eines Spielers befindet (z. B. ein Pass in der Luft, ein Fumble am Boden oder ein Kick).;Rule 3, Section 2, Article 3 & 4
304;Fact_Retrieval;Medium;llama3.3:70b;1.988;38;Ab wann wird ein Passing Play ein Running Play?;YES;Ein Passing Play wird zu einem Running Play, wenn der Forward Pass von einem Spieler gefangen wird (caught by a player of either team). Ab diesem Moment beginnt ein Running Play.;Ein Passing Play wird zu einem Running Play, sobald der Vorwärtspass erfolgreich gefangen wurde.;Rule 3, Section 24
305;Complex_Reasoning;Medium;llama3.3:70b;20.258;122;Zwei gegnerische Spieler springen hoch, fangen den Ball gleichzeitig und landen beide sicher im Feld. Wessen Ball ist es?;YES;"Das ist ein Fall von ""simultaneous possession"" (gleichzeitiger Besitz). Laut Artikel 7 des Regelwerks gehört der Ball in diesem Fall dem Team, das zuletzt den Ball besaß, oder dem Empfangsteam, wenn es sich um einen Free Kick, Scrimmage Kick oder Fair Catch Kick handelt. Wenn also beide Spieler gleichzeitig den Ball gefangen haben und keiner von ihnen zuerst den Ball berührt hat, gehört der Ball dem Team, das den Kick ausführte (kicking team) oder dem Empfangsteam.";Das nennt sich 'Simultaneous Possession'. Der Ball gehört dem Team, das zuletzt im Ballbesitz war (Offense), oder bei einem Kick dem empfangenden Team (Receiving Team).;Rule 3, Section 2, Article 7
306;Fact_Retrieval;Easy;llama3.3:70b;2.172;50;Was ist die 'Neutral Zone'?;YES;Die Neutral Zone ist der Raum zwischen den Vor- und Rückpunkten des Balles (Ebenen) und erstreckt sich bis zu den Seitenlinien. Sie beginnt, wenn der Ball bereit für den Spielstart ist.;Das ist der Raum zwischen der vorderen und hinteren Spitze des Balls, wenn er vor dem Snap auf dem Boden liegt. Sie erstreckt sich über die gesamte Breite des Feldes.;Rule 3, Section 18
308;Fact_Retrieval;Easy;llama3.3:70b;3.333;88;Was bedeutet 'Down'?;YES;Ein 'Down' bezeichnet eine Periode der Spielaktion, die beginnt, wenn der Ball ins Spiel gebracht wird, und endet, wenn der Ball als tot erklärt wird. Es gibt verschiedene Arten von Downs, wie z.B. Scrimmage Down (beginnt mit einem Snap), Free Kick Down (beginnt mit einem Free Kick) oder Fair Catch Kick Down (beginnt mit einem Fair Catch Kick).;Ein 'Down' ist eine Zeiteinheit im Spiel, die mit dem Snap oder Kickoff beginnt und endet, wenn der Ball tot (Dead Ball) erklärt wird.;Rule 3, Section 8
401;Fact_Retrieval;Medium;llama3.3:70b;17.444;30;Wie viele Timeouts hat jedes Team im Spiel?;YES;Jedes Team hat drei Charged Team Timeouts pro Halbzeit, also insgesamt sechs Charged Team Timeouts pro Spiel.;Jedes Team hat 3 Timeouts pro Halbzeit, also theoretisch 6 pro Spiel.;Rule 4, Section 5, Article 1
502;Fact_Retrieval;Medium;llama3.3:70b;5.532;140;Wie kann ein Spieler sich als fangberechtigt anmelden?;YES;Ein Spieler, der normalerweise eine Nummer trägt, die ihn als nicht-fangberechtigten Pass-Empfänger (50-79 und 90-99) ausweist, kann sich als fangberechtigter Pass-Empfänger anmelden, indem er sich an den Schiedsrichter wendet und seine Änderung der Fangberechtigung meldet. Er muss dann in der Position eines fangberechtigten Pass-Empfängers oder eines Quarterbacks (0-49 und 80-89) auflaufen. Der Schiedsrichter wird daraufhin die defensive Mannschaft informieren.;Ein Spieler mit einer Nummer, die normalerweise nicht berechtigt ist (50-79), muss sich sofort beim Referee melden ('report as eligible'), bevor er sich als Receiver aufstellt. Der Referee informiert dann die Defense.;Rule 5, Section 3
601;Fact_Retrieval;Easy;llama3.3:70b;8.504;182;Wann darf ein Kicking Tee verwendet werden?;YES;Ein Kicking Tee darf während eines Free Kicks verwendet werden, um den Ball zu halten. Der Tee muss jedoch bestimmte Vorgaben erfüllen: Er darf den Ball nicht mehr als einen Zoll (2,54 cm) über dem Boden halten und muss von der Liga genehmigt sein. Sobald der Ball auf den Tee gesetzt wurde, darf der Tee nicht mehr bewegt werden. Wenn der Ball vom Tee fällt, müssen die Schiedsrichter das Spiel stoppen und den Zeitprozess neu starten, ohne dass die Kicking-Team bestraft wird. Falls der Ball ein zweites Mal während desselben Free Kicks vom Tee fällt, muss die Kicking-Team den Ball mit Hilfe eines Designated Holders (bei einem Kickoff oder Safety Kick) oder eines Holders (bei einem Onside Kick) treten.;Ein Kicking Tee darf nur bei einem Free Kick verwendet werden. Der Free Kick umfasst Kickoffs, Safety Kicks und Onside Kicks.;Rule 6, Section 1
602;Complex_Reasoning;Medium;llama3.3:70b;3.82;111;Was passiert, wenn der Ball beim Kickoff vom Kicking Tee fällt?;YES;Wenn der Ball beim Kickoff vom Kicking Tee fällt, müssen die Schiedsrichter das Spiel stoppen und den Zeitprozess neu starten, ohne dass es eine Strafe für das Kicking-Team gibt. Wenn dies jedoch ein zweites Mal während desselben Free-Kick-Downs passiert, muss das Kicking-Team den Ball mit Hilfe eines Designated Holders (bei einem Kickoff oder Safety Kick) oder eines Holders (bei einem Onside Kick) von dem Tee aus kicken.;Das Spiel wird sofort unterbrochen, bevor ein Spielzug entstehen kann. Der Kickoff wird wiederholt. Falls der Ball ein zweites Mal während desselben Kickoff-Downs vom Tee fällt, muss der Kicker den Ball mit einem Holder kicken.;Rule 6, Section 1
603;Fact_Retrieval;Medium;llama3.3:70b;5.664;126;Was passiert, wenn der Ball beim Kickoff out of bounds landet?;YES;"Wenn der Ball beim Kickoff out of bounds landet, hat die receiving team folgende Optionen:
- Sie kann den Ball 25 Yards vom Spot des Kicks an der Inbounds-Linie auf der Seite des Feldes, wo der Ball aus ging, in Besitz nehmen.
- Sie kann den Ball am Out-of-Bounds-Spot in Besitz nehmen.
- Sie kann den Ball am Spot, wo der Ball landet oder berührt wird, bevor er die Landing Zone erreicht, in Besitz nehmen, wenn dies weniger als 25 Yards vom Kick-Spot entfernt ist.";Das ist ein Foul. Wenn ein Kickoff oder Onside Kick versucht wurde darf die Offense wählen ob: der Ball am Spot des Fouls, oder 25 Yards vor dem Kick-Punkt. Wenn ein Saftey Kick versucht wurde sind es 30 Yards.;Rule 6, Section 2
604;Complex_Reasoning;Hard;llama3.3:70b;6.906;84;Was passiert, wenn das Receiving Team den Ball beim Onside Kick innerhalb der ersten 10 Yards berührt?;YES;Wenn das Receiving Team den Ball beim Onside Kick innerhalb der ersten 10 Yards berührt, darf die Kicking-Team den Ball wieder an sich nehmen. Nachdem der Ball von einem Spieler des Receiving Teams berührt wurde, kann ein Spieler der Kicking-Team den Ball legal berühren, fangen oder aufheben und versuchen, ihn zurückzuerobern.;Das ist legal. Die 10-Yard-Sperre gilt nur für das Kicking Team. Sobald das Receiving Team den Ball berührt, ist er frei für alle.;Rule 6, Section 1, Article 4 and Section 2, Article 5
605;Negative_Constraint;Medium;llama3.3:70b;0.463;8;Dürfen 2 Spieler des Receiving Teams einen gegnerischen Spieler beim Kickoff gemeinsam blocken?;YES;Dazu habe ich keine Infos.;Ja ein Double-Team Block ist unter bestimmten Voraussetzung erlaubt. Beide Blocker müssen sich in der Setup-Zone beim Kick aufstellen und den zu blockenden Spieler zeitgleich kontaktieren. Weiterer Spieler darf nicht am Blocken teilnehmen.;Rule 6, Section 2, Article 1, Item 2(c) and (d)
606;Fact_Retrieval;Hard;llama3.3:70b;4.178;120;Wer muss beim Kickoff alles stillstehen und wie lange?;YES;"Beim Kickoff müssen alle Spieler der kicking team (außer dem Kicker) und alle Spieler der receiving team im Setup-Zone stillstehen, bis der Ball gekickt wurde. 

Die Spieler der kicking team müssen mit beiden Füßen auf dem Boden bleiben und dürfen sich nicht bewegen, bis der Ball gekickt wurde. Die Spieler der receiving team müssen hinter ihrer Restraining Line bleiben und dürfen sich nicht bewegen, bis der Ball gekickt wurde.

Sobald der Ball gekickt wurde, dürfen alle Spieler sich bewegen und das Spiel beginnt.";Alle Spieler des Kicking Teams außer dem Kicker müssen mit dem vorderen Fuß auf der Restraining Line des Kicking Teams aufgestellt sein und beide Füße müssen bis zum Kick auf dem Boden bleiben. Alle Spieler des Receiving Teams müssen inbounds und hinter ihrer Restraining Line stehen, und mindestens neun Spieler müssen in der Setup-Zone positioniert sein. Diese Regeln gelten ab dem Zeitpunkt, an dem der Kicker seinen Anlauf zum Ball beginnt, bis der Ball den Boden oder einen Spieler in der Landing Zone oder Endzone berührt.;Rule 6, Section 1 , Article 3, Items (a) and (b)
607;Complex_Reasoning;Hard;llama3.3:70b;4.64;92;Wie viele Yards Strafe gibt es für einen illegalen wedge-block und gibt es einen legalen wedge-block?;YES;"Es gibt 15 Yards Strafe für einen illegalen Wedge-Block. 
Ein legaler Wedge-Block ist nicht erlaubt, da ein Wedge-Block per Definition illegal ist. Ein Wedge-Block wird definiert als zwei oder mehr Spieler, die absichtlich Schulter an Schulter innerhalb von zwei Yards voneinander ausgerichtet sind und gemeinsam vorwärts laufen.";Die Strafe beträgt 15 Yards (Spot Foul oder vom Kickoff Spot, je nach Situation). Ein Wedge Block (mehr als 2 Spieler Schulter-an-Schulter) ist generell verboten.;Rule 6, Section 2
701;Fact_Retrieval;Medium;llama3.3:70b;8.083;212;Wann ist ein Spieler 'down'?;YES;"Ein Spieler gilt als ""down"", wenn er von einem Gegner kontaktiert wird und mit irgendeinem Körperteil außer Händen oder Füßen den Boden berührt (SECTION 2, ARTICLE 1, Absatz a). 

Weitere Gründe, warum ein Spieler als ""down"" gilt, sind:
- wenn sein Fortschritt durch einen Gegner gestoppt wird (Absatz b)
- wenn der Quarterback sofort auf ein Knie fällt oder so tut, als ob er auf ein Knie fallen würde, hinter oder jenseits der Line of Scrimmage (Absatz c)
- wenn ein Läufer sich selbst für ""down"" erklärt, indem er zu Boden fällt oder kniet und keine Anstrengung unternimmt, vorwärts zu kommen, oder indem er rutscht oder taucht (Absatz d)
- wenn ein Spieler aus den Grenzen des Spielfelds tritt (Absatz e)";" Ein Spieler ist 'down', wenn er von einem Gegner berührt wird und mit einem Teil seines Körpers außer den Händen (einschließlich Handgelenk) oder Füßen (einschließlich Knöchel) den Boden berührt; wenn er gehalten oder anderweitig zurückgehalten wird, sodass sein Vorwärtsfortschritt endet; wenn ein Quarterback sofort hinter oder jenseits der Line of Scrimmage auf sein Knie fällt oder so tut, als ob er auf sein Knie fällt; wenn ein Läufer sich selbst durch Fallen, Knien, Rutschen oder Tauchen als down erklärt; wenn ein Läufer aus dem Spielfeld geht; wenn ein Gegner einen Ball nimmt, der sich im Besitz eines Läufers am Boden befindet; wenn ein Vorwärtspass unvollständig ist; wenn ein legaler oder illegaler Kick die Torpfosten oder die Querlatte berührt; wenn ein loser Ball irgendwo auf dem Spielfeld zur Ruhe kommt und kein Spieler versucht, ihn zu erobern; wenn ein legaler oder illegaler Kick von den Kickern gefangen oder erobert wird (außer bei einem Scrimmage-Kick, der von hinter der Linie gekickt und hinter der Linie erobert wird); wenn ein Kickoff oder Safety-Kick zuerst den Boden oder einen Spieler vor der vorderen Yard-Linie der Landezone berührt; wenn ein Onside-Kick unberührt über die Onside-Kick-Setup-Zone hinausgeht; wenn ein Touchdown, Touchback, Safety, Field Goal oder Try erzielt wurde; wenn ein Empfänger den Ball nach einem Fair-Catch-Signal fängt oder erobert (sofern der Ball nicht von einem Gegner berührt wurde); wenn ein Offizieller irrtümlich die Pfeife bläst, während der Ball noch im Spiel ist.; wenn ein Spieler seinen Helm verliert; wenn der Ball nicht aktiv im Spiel befindliche Ausrüstung berührt; oder wenn ein Teammitglied einen Fumble aufnimmt, während eines two minute, try oder vierten downs Spielzug.";Rule 7, Section 2 , Article 1
702;Fact_Retrieval;Easy;llama3.3:70b;4.927;147;Liste alle Körperteile auf, mit denen ein Spieler als down gewertet wird.;YES;"Ein Spieler wird als down gewertet, wenn er mit einem der folgenden Körperteile den Boden berührt:

* Kopf
* Ellenbogen
* Schulter
* Hüfte
* Bauch
* Rücken
* Gesäß
* Oberschenkel
* Knie
* Unterschenkel
* Fußgelenk 

Ausgenommen sind die Hände (einschließlich der Handgelenke) und die Füße (einschließlich der Knöchel). Wenn ein Spieler mit einem dieser ausgenommenen Körperteile den Boden berührt, wird er nicht automatisch als down gewertet.";Jedes Körperteil außer den Händen und den Füßen (z.B. Knie, Ellbogen, Kopf, Gesäß, Rücken).;Rule 7, Section 2 , Article 1, Item (a)
703;Fact_Retrieval;Easy;llama3.3:70b;5.722;127;Was bedeutet Offside?;YES;"Ein Spieler ist ""offside"", wenn irgendein Teil seines Körpers sich in oder jenseits der neutralen Zone (Neutral Zone) befindet, wenn der Ball ins Spiel gebracht wird. Die neutrale Zone ist der Bereich zwischen den Verteidigern und Angreifern vor dem Snap. Wenn ein Spieler also vor dem Snap die neutrale Zone überschreitet oder sich bereits in ihr befindet, bevor der Ball gesnapt wird, liegt ein Offside-Foul vor. Die Strafe dafür beträgt 5 Yards Verlust vom Line of Scrimmage.";Ein Spieler befindet sich beim Snap in oder jenseits der Neutral Zone.;Rule 7, Section 4 , Article 5
704;Negative_Constraint;Medium;llama3.3:70b;3.684;108;Kann nur ein Defensive-Spieler im Offside sein?;YES;Nein, mehrere defensive Spieler können gleichzeitig offside sein. Die Regel besagt, dass ein Spieler offside ist, wenn irgendein Teil seines Körpers in oder jenseits der neutralen Zone oder jenseits einer Einschränkungslinie für einen Onside-Kick ist, wenn der Ball ins Spiel gebracht wird. Es gibt keine Begrenzung darauf, wie viele defensive Spieler offside sein können. Jeder offside seiende Spieler würde jedoch separat bestraft werden.;Nein. Auch Offense-Spieler können im Offside sein, wenn sie Körperteile in der Neutral Zone haben (Lined up in the neutral zone).;Rule 7, Section 4 , Article 1 & 5
705;Complex_Reasoning;Hard;llama3.3:70b;4.803;99;Ein Ballträger läuft ins Aus. Was gilt als Startpunkt für den nächsten Spielzug: Wo der Ball war oder wo der Ballträger war?;YES;"Wenn ein Ballträger ins Aus läuft, wird der Ball tot erklärt und die nächste Serie von Downs beginnt. Der Startpunkt für den nächsten Spielzug ist der Punkt, an dem der Ballträger das Spielfeld verlassen hat, also wo der Ballträger war, als er ins Aus lief. Dieser Punkt wird als ""out of bounds"" bezeichnet und dient als Referenzpunkt für die nächste Serie von Downs.";Der Spot ist dort, wo sich der Ball befand, genau in dem Moment, als der Ballträger mit einem Fuß oder einem anderem Körperteil die Seitenlinie berührte.;Rule 7, Section 2 , Article 1, Item (e) & Section 3 , Article 3
706;Fact_Retrieval;Hard;llama3.3:70b;8.03;207;Was ist eine illegale Formation der Offense?;YES;"Eine illegale Formation der Offense liegt vor, wenn die Offense nicht den Anforderungen von Artikel 1 in SECTION 5 entspricht. Konkret bedeutet dies:

- Weniger als 7 Spieler auf der Line of Scrimmage
- Keine Eligible Receiver auf beiden Enden der Line
- Spieler auf der Line zwischen den Eligible Receivern sind nicht Ineligible Receiver
- Ein Spieler ist ausserhalb der Spielfeldgrenzen (out of bounds)
- Mehr als ein Spieler oder ein Spieler ohne eine Eligible Nummer (ohne entsprechende Meldung) befindet sich direkt hinter dem Snapper in einer Position, die weder klar auf noch klar abseits der Line of Scrimmage ist und nicht den Regeln für Motion und Eligibility entspricht
- Spieler in eligible Positionen tragen keine Eligible Nummer (ohne entsprechende Meldung)

Die Strafe für eine illegale Formation beträgt 5 Yards."; Eine illegale Formation der Offense liegt vor, wenn die Offense nicht mindestens sieben Spieler in der Line hat, wenn nicht beide Enden der Line von einem berechtigten Receiver besetzt sind, wenn ein Spieler out of bounds ist, wenn mehr als ein Spieler weder klar on noch klar off der Line of Scrimmage positioniert ist (außer dem Snapper), oder wenn Spieler in berechtigten Positionen keine berechtigte Nummer tragen (außer sie haben sich gemeldet).;Rule 7, Section 5 
801;Fact_Retrieval;Medium;llama3.3:70b;7.964;141;Wann darf ein Football nach vorne geworfen und wann nach hinten geworfen werden?;YES;"Ein Football darf nur einmal pro Down nach vorne geworfen werden, und dies muss von hinter der Line of Scrimmage erfolgen. Wenn der Ball die Line of Scrimmage überquert hat, ist ein Vorwärtspass nicht mehr erlaubt.

Ein Rückwärtspass hingegen darf zu jedem Zeitpunkt geworfen werden. Ein Spieler darf den Ball nach hinten werfen, um ihn einem Mitspieler zuzuspielen oder um ihn vor einem Tackler zu schützen. Es gibt keine Einschränkungen für Rückwärtspässe wie bei Vorwärtspässen.";Ein Vorwärtspass darf nur einmal pro Spielzug von hinter der Line of Scrimmage geworfen werden. Ein Rückwärtspass ist jederzeit und von jeder Position aus erlaubt.;Rule 8, Section 1 & Section 7
802;Ambiguity_Resolution;Hard;llama3.3:70b;5.232;102;Was bedeutet es, dass ein Spieler sich re-etablieren muss, nachdem er out of bounds gelaufen ist?;YES;"Ein Spieler muss sich ""re-etablieren"", indem er mit beiden Füßen oder einem anderen Körperteil (außer den Händen) inbounds den Boden berührt, bevor er einen Pass fangen kann. Wenn ein Spieler out of bounds war und dann wieder inbounds kommt, ohne sich ordnungsgemäß re-etabliert zu haben, gilt dies als ""illegal touching"" und wird mit einer Strafe von 5 Yards belegt.";Er muss sich 're-establish'en. Das heißt, er muss mit beiden Füßen (oder einem Körperteil) wieder im Spielfeld landen, bevor er legal den Ball berühren darf.;Rule 8, Section 1 , Article 4 (c)
803;Fact_Retrieval;Medium;llama3.3:70b;33.172;343;Wenn der Ball gefumbelt wird, wer bekommt dann den Ball und wo geht es weiter?;YES;"Wenn der Ball gefumbelt wird, kann jeder Spieler beider Teams den Ball aufnehmen und vorwärts laufen, es sei denn, der Fumble erfolgt auf vierter Down (4th Down), nach der Zwei-Minuten-Warnung oder während eines Try.

Wenn der Fumble zwischen den Goal-Lines rausgeht, wird der Ball wie folgt neu ins Spiel gebracht:

- Wenn der Fumble rückwärts und aus dem Spielfeld geht, erhält das Team, das zuletzt im Besitz des Balls war, den Ball am Einbounds-Spot.
- Wenn der Fumble vorwärts und aus dem Spielfeld geht, erhält das Team, das zuletzt im Besitz des Balls war, den Ball am Ort des Fumbles.
- Wenn ein Fumble in der eigenen Endzone landet und dann vorwärts ins Spielfeld und aus dem Spielfeld geht, ergibt dies einen Safety, wenn das Team, das den Fumble verursacht hat, den Impuls geliefert hat, der den Ball in die Endzone brachte. Wenn der Impuls von der gegnerischen Mannschaft kam, ist es ein Touchback.

Es gibt auch spezielle Regeln für Fumbles, die in der Endzone landen oder nach der Zwei-Minuten-Warnung oder während eines Try erfolgen. In diesen Fällen kann der Ball von jedem Spieler der gegnerischen Mannschaft aufgenommen und vorwärts gelaufen werden, und es gelten spezielle Regeln für die Wiederanstellung des Spiels."; Wenn der Ball gefumbelt wird, kann jeder Spieler beider Teams den Ball aufnehmen und vorwärts bewegen, außer wenn der Fumble im vierten Down, nach der Zwei-Minuten-Warnung oder während eines Trys passiert. Wenn der Fumble ins Aus geht, wird der Ball an dem Punkt wieder ins Spiel gebracht, an dem der Fumble ins Aus ging, abhängig davon, ob der Fumble vorwärts oder rückwärts ging. Wenn der Ball rückwärts ins Aus geht, bekommt das Team, das zuletzt den Ball hatte, den Ball an dem Punkt, an dem der Ball ins Aus ging. Wenn der Fumble vorwärts ins Aus geht, bekommt das Team, das zuletzt den Ball hatte, den Ball an dem Punkt des Fumbles. Wenn der Fumble in der eigenen Endzone nach vorne in Field of Play und dann ins Aus geht, führt das zu einem Safety, wenn das Team den Impuls gegeben hat, der den Ball in die Endzone gebracht hat. Wenn der Impuls vom Gegner kam, führt das zu einem Touchback. Wenn nichts davon zutrifft und es keinen Ballbesitzwechsel gab und der Ball nicht das first down erreicht hat, wird der Ball dem verteidigenden Team an dem Punkt gegeben, an dem der Ball für tot erklärt wurde.;Rule 8, Section 7 , Articles 3
804;Negative_Constraint;Hard;llama3.3:70b;7.244;163;Darf ein Spieler den Ball zu einem Mitspieler nach vorne übergeben, wenn er nicht der Quarterback ist?;YES;Ja, das ist möglich. Ein Spieler darf den Ball zu einem Mitspieler nach vorne übergeben (Forward Pass), wenn er sich bei dem Snap hinter der Line of Scrimmage befand und die Übergabe von dort aus erfolgt. Es gibt jedoch bestimmte Regeln, die beachtet werden müssen, wie z.B. dass nur ein Forward Pass pro Down erlaubt ist und dass der Ball nicht über die Line of Scrimmage hinaus geworfen werden darf, bevor der Pass erfolgt. Außerdem müssen die Spieler, die den Ball fangen dürfen, bestimmte Kriterien erfüllen, wie z.B. dass sie auf einem der Enden der Line oder mindestens einen Yard hinter der Line stehen, wenn der Ball gesnapt wird.;Ja solange er sich hinter der Line of Scrimmage befindet und der Mitspieler ein berechtigter Empfänger ist.;Rule 8, Section 1
805;Negative_Constraint;Medium;llama3.3:70b;5.246;156;Darf jeder Spieler den Ball fangen?;YES;"Nein, nicht jeder Spieler darf den Ball fangen. Nur bestimmte Spieler sind als sog. ""eligible receivers"" (Artikel 5) berechtigt, einen Forward Pass zu fangen, der von hinter der Line of Scrimmage geworfen wird. Dazu gehören unter anderem defensive Spieler, offensive Spieler auf den Endpositionen der Line, die entsprechende Nummern tragen oder sich rechtzeitig gemeldet haben, sowie offensive Spieler, die mindestens einen Yard hinter der Line stehen und entweder die entsprechenden Nummern tragen oder sich rechtzeitig gemeldet haben. Andere Spieler sind als ""ineligible receivers"" (Artikel 6) nicht berechtigt, den Ball zu fangen.";Nein. Nur 'Eligible Receivers' (Enden der Linie, Backfield-Spieler) dürfen einen Vorwärtspass fangen. Linemen (Nr. 50-79) sind normalerweise nicht berechtigt.;Rule 8, Section 1
806;Complex_Reasoning;Hard;llama3.3:70b;4.132;121;Wenn ein nicht fangberechtigter Spieler fängt den Ball. Welche Strafe entsteht?;YES;Wenn ein ursprünglich nicht fangberechtigter Spieler (inelligible receiver) einen Forward Pass fängt, ist dies ein Foul für illegales Berühren (illegal touching) des Balles. Die Strafe dafür beträgt 5 Yards von der vorherigen Position (previous spot). Der Down wird nicht verloren, es sei denn, der Spieler, der den Ball gefangen hat, war ausgebucht und hat sich wieder eingecheckt, dann ist die Strafe ein Verlust des Downs an der vorherigen Position.;Illegal Touching. Die Strafe beträgt 5 Yards und beinhaltet einen 'Loss of Down'.;Rule 8, Section 1
807;Complex_Reasoning;Hard;llama3.3:70b;2.389;67;Ein nicht fangberechtigter Spieler fängt den Ball, nachdem er von einem Verteidiger berührt ('gemuffed') wurde. Ist das ein Foul?;YES;Nein, das ist kein Foul. Wenn der Ball zuerst von einem Verteidiger berührt wird und dann von einem nicht fangberechtigten Spieler gefangen wird, ist es kein Foul für illegales Berühren (illegal touching). Der Play wird als live Ball fortgesetzt.;Nein. Sobald die Defense (oder ein Offizieller) den Ball berührt, werden alle Offense-Spieler fangberechtigt.;Rule 8, Section 1
808;Fact_Retrieval;Medium;llama3.3:70b;3.077;62;Bei einer offensiven pass interference, wird der Ball beim ort des foul weitergespielt, richtig?;YES;Nein, das ist falsch. Bei einer offensiven Pass Interference wird die Strafe von 10 Yards vom vorherigen Ort abgezogen, nicht vom Ort des Foul. Die neue Spiellinie liegt also 10 Yards hinter dem vorherigen Ort.;Nein. Offensive Pass Interference ist kein Spot Foul. Es gibt 10 Yards Strafe vom Previous Spot (vorherigen Startpunkt).;Rule 8, Section 5
809;Complex_Reasoning;Medium;llama3.3:70b;8.992;216;Wenn der Ball hinter der Line of Scrimmage gepasst wird, folgt eine Strafe?;YES;"Ja, wenn ein Forward Pass von hinten der Line of Scrimmage geworfen wird und dies gegen die Regeln verstößt (z.B. zweiter Forward Pass oder Pass nachdem der Ball die Line of Scrimmage gekreuzt hat), folgt eine Strafe.

Die genaue Strafe hängt von der Situation ab:

* Für einen Forward Pass von jenseits der Line of Scrimmage: Verlust eines Downs und 5 Yards von dem Punkt, an dem der Ball freigegeben wurde.
* Für einen zweiten Forward Pass von hinten der Line of Scrimmage oder für einen Forward Pass, der nachdem der Ball hinter die Line of Scrimmage zurückgekehrt ist, geworfen wird: Verlust eines Downs und 5 Yards von dem vorherigen Punkt.
* Für einen Forward Pass, der nach einem Besitzwechsel geworfen wird: Verlust von 5 Yards von dem Punkt, an dem der Ball freigegeben wurde.";Nein, solange es der erste Vorwärtspass ist. Pässe hinter der Line sind legal.;Rule 8, Section 1
1101;Negative_Constraint;Easy;llama3.3:70b;0.715;12;Gibt ein Touchdown 7 Punkte?;YES;Nein, ein Touchdown gibt 6 Points.;Nein. Ein Touchdown zählt 6 Punkte. Der 7. Punkt (Extrapunkt/PAT) ist ein separater Spielzug (Try), der nach dem Touchdown gespielt wird.;Rule 11, Section 1
1102;Fact_Retrieval;Easy;llama3.3:70b;14.991;73;Gib mir eine Übersicht, wie Punkte erzielt werden können.;YES;"Punkte können in der NFL auf folgende Weise erzielt werden:
- Touchdown: 6 Punkte
- Field Goal: 3 Punkte
- Safety: 2 Punkte
- Try nach einem Touchdown: 
  - als Field Goal: 1 Punkt
  - als Touchdown: 2 Punkte";Touchdown (6 Punkte), Field Goal (3 Punkte), Safety (2 Punkte), Try nach Touchdown (1 Punkt per Kick oder 2 Punkte per Spielzug).;Rule 11, Section 1
1103;Complex_Reasoning;Hard;llama3.3:70b;6.911;136;Kann man bei einem Fieldgoalversuch, wenn man das Fieldgoal blockt und den Ball in die gegnerische Endzone trägt, einen Touchdown erzielen?;YES;"Ja, wenn ein Team einen Field Goal-Block durchführt und den Ball in die eigene Endzone zurückträgt, kann es keinen Touchdown erzielen. Wenn jedoch das verteidigende Team den geblockten Kick in die Endzone der angreifenden Mannschaft zurückträgt, kann es einen Touchdown erzielen. 

Wenn ein Spieler des verteidigenden Teams den Block des Field Goals aufgreift und in die Endzone der angreifenden Mannschaft trägt, bevor er zu Boden gebracht wird oder aus bounds geht, ergibt das einen Touchdown für das verteidigende Team.";Ja. Ein geblocktes Field Goal ist ein Live Ball (außer beim Try, da gelten Sonderregeln für 2 Punkte). Wenn die Defense ihn recovert, kann sie ihn zum Touchdown zurücktragen.;Rule 11, Section 4, Article 1 & Rule 3, Section 2, Article 3 & 4
1104;Complex_Reasoning;Medium;llama3.3:70b;4.827;144;Kann ein Punter auch ein Fieldgoal schießen?;YES;Ja, es ist möglich, dass ein Punter auch ein Field Goal schießt. Im Kontext steht jedoch nicht explizit, dass dies nicht der Fall sein kann. Die Regeln für ein Field Goal betreffen hauptsächlich die Art des Kicks (Place Kick oder Drop Kick) und die Bedingungen für einen erfolgreichen Versuch, nicht den Spieler, der den Kick ausführt. In der Praxis ist es jedoch eher ungewöhnlich, dass ein Punter auch als Kicker für Field Goals eingesetzt wird, da diese Positionen normalerweise von verschiedenen Spielern besetzt werden, die auf ihre spezifischen Aufgaben trainiert sind.;Ja, solange der Ball regelkonform gekickt wird (Placekick oder Dropkick). Die Position des Spielers ist egal, die Technik zählt.;Rule 11, Section 4
1105;Complex_Reasoning;Medium;llama3.3:70b;3.278;88;Muss der ganze Ball über der Endzonenlinie sein, damit es ein Touchdown ist?;YES;"Nein, nicht unbedingt. Laut Artikel 1 (a) reicht es aus, wenn der Ball ""on, above oder behind"" der Endzonenlinie ist und ein Spieler ihn besitzt, der von dem Spielfeld in die Endzone gelaufen ist. Es muss also nur ein Teil des Balles über oder auf der Linie sein, um einen Touchdown zu erzielen.";Nein. Es reicht, wenn ein beliebiger Teil des Balls die vertikale Ebene der Goal Line (Plane of the Goal Line) durchbricht, während der Spieler Ballkontrolle hat.;Rule 11, Section 2
1106;Complex_Reasoning;Hard;llama3.3:70b;3.1;89;Muss der Ball den Boden der Endzone oder einen Pylonen berühren, damit es ein Touchdown ist?;YES;Nein, das ist nicht erforderlich. Ein Touchdown kann auch erzielt werden, wenn der Ball die Ebene (plane) der Endzone erreicht und sich in Besitz eines Spielers befindet, der aus dem Spielfeld in die Endzone gelaufen ist (siehe Artikel 1, Absatz a). Es reicht aus, wenn der Ball auf, über oder hinter dieser Ebene ist.;Nein, nicht zwingend. Wenn der Spieler den Ball trägt, reicht das Durchbrechen der Linie (Airborne). Nur bei einem Loose Ball (z.B. Fumble Recovery in der Endzone) muss der Ballbesitz in der Endzone gesichert werden.;Rule 11, Section 2
1107;Negative_Constraint;Medium;llama3.3:70b;16.608;66;Kann man durch eine Strafe Punkte bekommen?;YES;Ja, wenn die Offense einen Foul hinter ihrer eigenen Endzone begeht und die Defense entscheidet, die Strafe an diesem Punkt zu vollstrecken, kann dies zu einem Safety führen. Ein Safety ist ein Wert von 2 Punkten für die verteidigende Mannschaft.;Ja, aber nur bei einem Safety (wenn das Foul in der eigenen Endzone der Offense passiert). Man bekommt keine Touchdowns durch Strafen zugesprochen.;Rule 11, Section 5
1108;Fact_Retrieval;Easy;llama3.3:70b;2.753;64;Was ist ein Touchback?;YES;Ein Touchback liegt vor, wenn der Ball tot auf oder hinter der Goal Line der verteidigenden Mannschaft ist und die Bewegung durch einen Gegner verursacht wurde, ohne dass es sich um einen Touchdown oder einen unvollständigen Vorwärtspass handelt.;Eine Situation, bei der der Ball in der Endzone 'tot' wird (z.B. durch Kickoff oder Interception) und das verteidigende Team den Ballbesitz erhält, normalerweise an der 20- oder 30-Yard-Line.;Rule 11, Section 6
1109;Fact_Retrieval;Medium;llama3.3:70b;27.938;371;Wann kann ein Touchback auftreten?;YES;"Ein Touchback kann auftreten, wenn der Ball tot auf oder hinter der Goal Line liegt, die eine Mannschaft verteidigt, und der Impetus von einem Gegner kommt, es sich also nicht um einen Touchdown oder einen unvollständigen Vorwärtspass handelt. Einige spezifische Situationen, in denen ein Touchback auftreten kann, sind:

* Der Ball ist tot im Besitz des Gegners in dessen Endzone.
* Der Ball ist aus den Grenzen hinter der Goal Line hinaus.
* Ein Scrimmage Kick wurde nicht von einem Spieler des Empfangsteams jenseits der Line of Scrimmage berührt und der Ball:
 + Berührt den Boden auf oder hinter der Goal Line des Empfangsteams.
 + Berührt einen Spieler des Kicketeams, der den Boden auf oder hinter der Goal Line des Empfangsteams berührt.
 + Berührt einen Spieler des Kicketeams, der den Boden auf oder hinter der Goal Line des Empfangsteams berührt hat und sich nicht wieder im Spielfeld etabliert hat.
* Ein legaler oder illegaler Kick berührt die Goal Posts, Crossbar oder Uprights des Empfangsteams, ohne dass ein Field Goal erzielt wird.
* Das Kicketeam behindert die Möglichkeit, einen airborne Kick zu fangen oder einen Fair Catch hinter der Goal Line des Empfangsteams zu machen.
* Ein Spieler des Kicketeams fängt oder recovers einen Scrimmage Kick im Spielfeld illegal und trägt den Ball über die Goal Line oder berührt die Goal Line mit einem Teil seines Körpers, während er den Ball besitzt.";1. Kickoff landet in der Endzone. 2. Punt geht in die Endzone. 3. Interception/Fumble Recovery in der eigenen Endzone und der Spieler wird dort getackelt.;Rule 11, Section 6
1110;Complex_Reasoning;Hard;llama3.3:70b;5.537;137;Kann man bei einem Extrapunktversuch, wenn man den Extrapunkt blockt und den Ball in die gegnerische Endzone trägt, einen 6 Punkte Touchdown erzielen?;YES;Nein, das ist nicht möglich. Laut Artikel 2 des Regelwerks wird bei einem Try, der in einen Touchdown für das verteidigende Team resultiert, nur ein Punkt als Extrapunkt oder Two-Point-Conversion gewertet, aber nicht als vollwertiger Touchdown mit 6 Punkten. Wenn also der Extrapunkt blockt wird und der Ball in die gegnerische Endzone getragen wird, erhält das verteidigende Team zwei Punkte für den successfulen Return eines geblockten Extrapunkts, aber es handelt sich dabei nicht um einen regulären Touchdown mit 6 Punkten.;Nein, wenn eines der beiden Teams bei dem Extrapunktversuch ein Touchdown erzielt, werden nur 2 Punkte an das Team vergeben, keine 6 Punkte.;Rule 11, Section 3, Article 2
1201;Fact_Retrieval;Medium;llama3.3:70b;27.505;659;Nenne mir Aktionen, für die man ein Personal Foul bekommen kann.;YES;"Ein Personal Foul kann bei folgenden Aktionen verhängt werden:

1. **Clipping**: Blocken eines Gegners von hinten unterhalb der Taille.
2. **Peel Back Block**: Ein Block von hinten oder von der Seite, wenn der Blocker sich in Richtung seiner eigenen Endzone bewegt und den Gegner unterhalb der Taille trifft.
3. **Illegal Cut Block**: Ein Block unterhalb der Taille, der nicht im Rahmen des erlaubten Spiels erfolgt (siehe 8-4-5).
4. **Blocking Below the Waist**: Blocken unterhalb der Taille in Situationen, die nicht erlaubt sind, wie z.B. nach einem Wechsel des Ballbesitzes oder während eines Kickoffs.
5. **Chop Block**: Ein Doppelblock, bei dem ein Spieler den Gegner hoch und ein anderer Spieler ihn niedrig blockt.
6. **Crackback Block**: Ein Block von hinten oder von der Seite, wenn der Blocker sich in Richtung der Line of Scrimmage bewegt und den Gegner unterhalb der Taille trifft.
7. **Blindside Block**: Ein Block, bei dem der Spieler mit seinem Helm, Arm oder Schulter gegen einen Gegner stößt, der nicht auf den Block vorbereitet ist.
8. **Unnecessary Roughness**: Übermäßige Härte, wie z.B. das Treten eines Gegners, das Schlagen eines Gegners mit dem Fuß oder das Werfen eines Gegners zu Boden.
9. **Roughing the Passer**: Übermäßige Härte gegenüber einem Quarterback, der den Ball geworfen hat.
10. **Roughing/Running into the Kicker**: Das Laufen in einen Kicker oder das Rennen gegen ihn, wenn er den Ball kickt.
11. **Roughing the Holder**: Übermäßige Härte gegenüber dem Holder eines Placekicks.
12. **Striking, Kicking, Tripping or Kneeing Opponents**: Schlagen, Treten, Stoßen oder das Werfen eines Gegners zu Boden.
13. **Twisting, Pulling, or Turning the Facemask or Helmet Opening**: Das Drehen, Ziehen oder Wenden der Maske oder des Helmöffnungs eines Gegners.
14. **Horse-Collar Tackle**: Das Packen des Innencollars oder des Schulterteils eines Gegners und das Zu-Boden-Bringen.
15. **Use of Helmet as a Weapon**: Das Verwenden eines Helms als Waffe, um einen Gegner zu schlagen oder zu werfen.
16. **Hip-Drop Tackle**: Ein Tackle, bei dem der Spieler den Gegner mit einem Hip-Drop-Manöver zu Boden bringt.

Diese Aktionen können alle zu einem Personal Foul und einer Strafe von 15 Yards führen. In einigen Fällen kann auch eine Disqualifikation des Spielers erfolgen, wenn die Aktion als flagrant eingestuft wird.";Dazu gehören Unnecessary Roughness, Facemask, Roughing the Passer/Kicker, Horse Collar Tackle, Clipping, Low Blocks, Striking/Kicking/Kneeing, Chop-,Crackback-,Blindside-,Peel-Back-,Cut-Block oder tief Blocken, Hip drop tackle, den Helm als Waffe benutzen oder gegen den Helm Tacklen, einen Spieler angreifen der sich nicht wehren kann.;Rule 12, Section 2
1401;Fact_Retrieval;Medium;llama3.3:70b;2.845;61;Was ist ein 'Spot Foul'?;YES;"Dazu habe ich keine Infos. Im Kontext wird lediglich von ""Spot of the foul"" gesprochen, was den Ort bezeichnet, an dem ein Foul begangen wurde. Ein spezifischer Begriff ""Spot Foul"" ist jedoch nicht erwähnt.";Ein Foul, bei dem die Strafe direkt von der Stelle aus verhängt wird, an der das Foul begangen wurde (und nicht vom vorherigen Startpunkt). Beispiele: Defensive Pass Interference.;Rule 14, Section 3
1502;Fact_Retrieval;Hard;llama3.3:70b;26.777;729;Gib eine Übersicht aller Aktionen, die ein Trainer anfechten (challengen) kann.;YES;"Ein Trainer kann folgende Aktionen anfechten:

1. **Plays involving possession**:
	* Ob ein Pass vollständig war oder nicht (Completion of a Pass)
	* Ob ein Spieler einen losen Ball im Feld, an der Seitenlinie, der Goal-Linie oder im Endzone legal erobert hat (Recovery of a Loose Ball)
	* Ob ein Passer den Ball vorwärts mit Kontrolle warf oder ob der Ball gefumbled wurde (Forward Pass or Fumble)
	* Ob ein Läufer den Ball verlor, bevor er von einem Gegner getackelt wurde oder sich selbst aufgab (Fumble)
2. **Plays involving touching of either the ball or the ground**:
	* Ob ein Spieler down by contact war, während er den Ball besaß (Down by Contact)
	* Ob der Ball vor dem Down-by-Contact-Ruling geworfen wurde (Pass or Down by Contact)
	* Ob ein Spieler einen Forward-Pass berührt hat (Touching of a Forward Pass)
	* Ob ein Spieler einen Kick berührt hat und wo der Kick berührt wurde (Touching of a Kick)
3. **Plays governed by the goal line**:
	* Ob der Ball die Goal-Linie überschritten hat, während ein Spieler den Ball besaß (Ball breaking the plane of the goal line)
4. **Plays governed by the boundary lines**:
	* Ob ein Läufer im Feld war oder nicht (Runner Inbounds)
	* Ob ein Läufer aus dem Feld war oder nicht und wo der Ball war, als er aus dem Feld ging (Runner Out of Bounds)
	* Ob ein Receiver aus dem Feld war oder nicht und ob er berechtigt war, den Ball zu berühren (Receiver Out of Bounds)
5. **Plays governed by the line of scrimmage**:
	* Ob ein Forward-Pass von hinter der Line of Scrimmage geworfen wurde oder nicht (Illegal Passes)
6. **Plays governed by the line to gain**:
	* Ob der Ball die Line to Gain überschritten hat oder nicht (Dead ball spot)
7. **Number of players on the field**:
	* Ob ein Spieler auf dem Feld war oder nicht, als der Snap erfolgte oder wenn ein Foul für zu viele Spieler im Formation gerufen wurde
8. **Game administration**:
	* Ob die Uhr richtig gestoppt oder gestartet wurde (Game clock)
9. **Disqualification of a player**:
	* Ob ein Spieler disqualifiziert werden sollte oder nicht
10. **Other reviewable plays**:
	* Ob ein Pass vorwärts oder rückwärts geworfen wurde (Direction of a Pass)
	* Ob ein Pass illegal geworfen wurde (Illegal Forward Pass)
	* Ob ein Field-Goal- oder Try-Versuch über der Querlatte und innerhalb der Torpfosten war (Field Goal or Try Attempt)
	* Ob ein Spieler einen Handoff vor dem Spieler erhielt, der den Handoff machte (Illegal Forward Handoff)
	* Ob ein loser Ball ein Fremdobjekt berührt hat (Ball Touching a Foreign Object)

Es ist zu beachten, dass nicht alle dieser Aktionen automatisch überprüft werden. Ein Trainer muss oft einen Challenge einlegen, um eine Überprüfung zu initiieren.";Folgende Spielsituationen können angefochten werden: Ob ein ein Spieler die Ballkontrolle hatte, ob ein Ball einen Spieler oder den Boden berührt hat, ob ein Läufer out of bounds war, ob ein Fumble vorlag, ob der Ball die Goal Line, die first down line oder die scrimmage line überquert hat, Anzahl der Spieler auf dem Feld, ob eine Strafe vorliegt, der Ball oder ein Foul richtig gespotted wurde, ob ein Spielzug wirklich beendet war, ob die Game Clock richtig ist, die disqualifikation eines Spielers, die richtung eines Passes, einen illegallen Pass oder Ballübergabe nach vorn, einen Fieldgoalversuch und ob der Ball ein aussenstehendes Objekt berüht hat. (Nicht challengebar: Fouls wie Holding oder Pass Interference, und alle Scores/Turnovers, da diese automatisch überprüft werden).;Rule 15, Section 3
1503;Complex_Reasoning;Hard;llama3.3:70b;2.945;62;Wie viele Timeouts hat ein Team noch, wenn eine Challenge erfolgreich war?;YES;Wenn eine Challenge erfolgreich war, verliert das Team kein Timeout. Es bleibt also bei den verfügbaren Timeouts, die es vor der Challenge hatte. Wenn das Team also noch Timeouts übrig hatte, bevor es die erfolgreiche Challenge eingereicht hat, bleiben diese Timeouts erhalten.;Nur wenn eine Challenge erfolglos war, wird ein Timeout abgezogen. Wenn eine Challenge erfolgreich war, bleibt die Anzahl der Timeouts gleich.;Rule 15, Section 1, Article 1
